Workbook
Name TableDig: '3.2 Digest'!$1:$1048576

Sheet 1. Information samples
E4: INFORMATION SAMPLES
B10: Sample serial No | C10: Date (M,D.Y) | D10: Requisitioner | E10: Set CIAT | F10: CIAT Lab-ID | G10: Gene bank /Breeding program ID | H10: Genus | I10: Species | J10: Tax Name | K10: Family | L10: Order | M10: Functional Group | N10: Batches CIAT | O10: ID LAB | P10: Observaciones
B11: 1 | C11: 46041 | D11: Genbank | E11: 27 | F11: F251728 | G11: CIAT-13262 | H11: Dendrolobium | I11: triangulare | J11: Dendrolobium triangulare | K11: Fabaceae | L11: Fabales | M11: Tree | N11: 58,59, 69 | O11: OT-010 (2025)
B12: =B11+1 -> 2 | C12: 46041 | D12: Genbank | E12: 27 | F12: F251729 | G12: CIAT-13528 | H12: Dendrolobium | I12: lanceolatum | J12: Dendrolobium lanceolatum | K12: Fabaceae | L12: Fabales | M12: Tree | N12: 58,59, 69 | O12: OT-010 (2025)
B13: =B12+1 -> 3 | C13: 46041 | D13: Genbank | E13: 27 | F13: F251730 | G13: CIAT-13529 | H13: Dendrolobium | I13: triangulare | J13: Dendrolobium triangulare | K13: Fabaceae | L13: Fabales | M13: Tree | N13: 58,59, 69 | O13: OT-010 (2025)
B14: =B13+1 -> 4 | C14: 46041 | D14: Genbank | E14: 27 | F14: F251731 | G14: CIAT-13710 | H14: Dendrolobium | I14: lanceolatum | J14: Dendrolobium lanceolatum | K14: Fabaceae | L14: Fabales | M14: Tree | N14: 58,59, 69 | O14: OT-010 (2025)
B15: =B14+1 -> 5 | C15: 46041 | D15: Genbank | E15: 27 | F15: F251732 | G15: CIAT-22004 | H15: Dendrolobium | I15: triangulare | J15: Dendrolobium triangulare | K15: Fabaceae | L15: Fabales | M15: Tree | N15: 58,59, 69 | O15: OT-010 (2025)
B16: =B15+1 -> 6 | C16: 46041 | D16: Genbank | E16: 27 | F16: F251733 | G16: CIAT-23104 | H16: Dendrolobium | I16: triangulare | J16: Dendrolobium triangulare | K16: Fabaceae | L16: Fabales | M16: Tree | N16: 58,59, 69 | O16: OT-010 (2025)
B17: =B16+1 -> 7 | C17: 46041 | D17: Genbank | E17: 27 | F17: F251734 | G17: CIAT-23106 | H17: Dendrolobium | I17: triangulare | J17: Dendrolobium triangulare | K17: Fabaceae | L17: Fabales | M17: Tree | N17: 58,59, 69 | O17: OT-010 (2025)
B18: =B17+1 -> 8 | C18: 46041 | D18: Genbank | E18: 27 | F18: F251735 | G18: CIAT-23107 | H18: Dendrolobium | I18: triangulare | J18: Dendrolobium triangulare | K18: Fabaceae | L18: Fabales | M18: Tree | N18: 58,59, 69 | O18: OT-010 (2025)
B19: =B18+1 -> 9 | C19: 46041 | D19: Genbank | E19: 27 | F19: F251736 | G19: CIAT-23108 | H19: Dendrolobium | I19: triangulare | J19: Dendrolobium triangulare | K19: Fabaceae | L19: Fabales | M19: Tree | N19: 58,59, 69 | O19: OT-010 (2025)
B20: =B19+1 -> 10 | C20: 46041 | D20: Genbank | E20: 27 | F20: F251737 | G20: CIAT-23412 | H20: Dendrolobium | I20: triangulare | J20: Dendrolobium triangulare | K20: Fabaceae | L20: Fabales | M20: Tree | N20: 58,59, 69 | O20: OT-010 (2025)
B21: =B20+1 -> 11 | C21: 46041 | D21: Genbank | E21: 27 | F21: F251738 | G21: CIAT-23413 | H21: Dendrolobium | I21: triangulare | J21: Dendrolobium triangulare | K21: Fabaceae | L21: Fabales | M21: Tree | N21: 58,59, 69 | O21: OT-010 (2025)
B22: =B21+1 -> 12 | C22: 46041 | D22: Genbank | E22: 27 | F22: F251739 | G22: CIAT-23419 | H22: Dendrolobium | I22: triangulare | J22: Dendrolobium triangulare | K22: Fabaceae | L22: Fabales | M22: Tree | N22: 58,59, 69 | O22: OT-010 (2025)
B23: =B22+1 -> 13 | C23: 46041 | D23: Genbank | E23: 27 | F23: F251740 | G23: CIAT-23422 | H23: Dendrolobium | I23: triangulare | J23: Dendrolobium triangulare | K23: Fabaceae | L23: Fabales | M23: Tree | N23: 58,59, 69 | O23: OT-010 (2025)
... B57: =B56+1 -> 47 | C57: 46048 | D57: Genbank | E57: 28 | F57: F251771 | G57: CIAT-22310 | H57: Calliandra | I57: calothyrsus | J57: Calliandra calothyrsus | K57: Fabaceae | L57: Fabales | M57: Tree | N57: 60,61, 62 | O57: OT-010
B58: =B57+1 -> 48 | C58: 46048 | D58: Genbank | E58: 28 | F58: F251772 | G58: CIAT-22311 | H58: Calliandra | I58: calothyrsus | J58: Calliandra calothyrsus | K58: Fabaceae | L58: Fabales | M58: Tree | N58: 60,61, 62 | O58: OT-010 | P58: Se debera repetir | Q58: Falta
B59: =B58+1 -> 49 | C59: 46048 | D59: Genbank | E59: 28 | F59: F251773 | G59: CIAT-22316 | H59: Calliandra | I59: calothyrsus | J59: Calliandra calothyrsus | K59: Fabaceae | L59: Fabales | M59: Tree | N59: 60,61, 62 | O59: OT-010
B60: =B59+1 -> 50 | C60: 46048 | D60: Genbank | E60: 28 | F60: F251774 | G60: CIAT-23239 | H60: Dendrolobium | I60: triangulare | J60: Dendrolobium triangulare | K60: Fabaceae | L60: Fabales | M60: Tree | N60: 60,61, 62 | O60: OT-010
B61: =B60+1 -> 51 | C61: 46048 | D61: Genbank | E61: 28 | F61: F251775 | G61: CIAT-33116 | H61: Dendrolobium | I61: triangulare | J61: Dendrolobium triangulare | K61: Fabaceae | L61: Fabales | M61: Tree | N61: 60,61, 62 | O61: OT-010
B62: =B61+1 -> 52 | C62: 46048 | D62: Genbank | E62: 28 | F62: F252184 | G62: CIAT-BH22_0303 | H62: Urochloa | I62: humidicola | J62: Urochloa humidicola | K62: Poaceae | L62: Poales | M62: grasses | N62: 60,61, 62 | O62: OT-021 | Q62: Reproceso Joha Set 34
B63: =B62+1 -> 53 | C63: 46048 | D63: Genbank | E63: 28 | F63: F252185 | G63: CIAT-BH22_1594 | H63: Urochloa | I63: humidicola | J63: Urochloa humidicola | K63: Poaceae | L63: Poales | M63: grasses | N63: 60,61, 62 | O63: OT-021
B64: =B63+1 -> 54 | C64: 46048 | D64: Genbank | E64: 28 | F64: F252186 | G64: CIAT-BH22_0468 | H64: Urochloa | I64: humidicola | J64: Urochloa humidicola | K64: Poaceae | L64: Poales | M64: grasses | N64: 60,61, 62 | O64: OT-021
B65: =B64+1 -> 55 | C65: 46048 | D65: Genbank | E65: 28 | F65: F252187 | G65: CIAT-BH22_3830 | H65: Urochloa | I65: humidicola | J65: Urochloa humidicola | K65: Poaceae | L65: Poales | M65: grasses | N65: 60,61, 62 | O65: OT-021
B66: =B65+1 -> 56 | C66: 46048 | D66: Genbank | E66: 28 | F66: F252188 | G66: CIAT-BH22_1710 | H66: Urochloa | I66: humidicola | J66: Urochloa humidicola | K66: Poaceae | L66: Poales | M66: grasses | N66: 60,61, 62 | O66: OT-021
B67: =B66+1 -> 57 | C67: 46048 | D67: Genbank | E67: 28 | F67: F252189 | G67: CIAT-BH22_2365 | H67: Urochloa | I67: humidicola | J67: Urochloa humidicola | K67: Poaceae | L67: Poales | M67: grasses | N67: 60,61, 62 | O67: OT-021
B68: =B67+1 -> 58 | C68: 46048 | D68: Genbank | E68: 28 | F68: F252190 | G68: CIAT-BH22_3572 | H68: Urochloa | I68: humidicola | J68: Urochloa humidicola | K68: Poaceae | L68: Poales | M68: grasses | N68: 60,61, 62 | O68: OT-021
B69: =B68+1 -> 59 | C69: 46048 | D69: Genbank | E69: 28 | F69: F252191 | G69: CIAT-BH22_0517 | H69: Urochloa | I69: humidicola | J69: Urochloa humidicola | K69: Poaceae | L69: Poales | M69: grasses | N69: 60,61, 62 | O69: OT-021 | P69: Se debera repetir | Q69: Reproceso Joha Set 34
B70: =B69+1 -> 60 | C70: 46048 | D70: Genbank | E70: 28 | F70: F252192 | G70: CIAT-BH22_0519 | H70: Urochloa | I70: humidicola | J70: Urochloa humidicola | K70: Poaceae | L70: Poales | M70: grasses | N70: 60,61, 62 | O70: OT-021 | P70: Se debera repetir | Q70: Reproceso Joha Set 34
B71: =B70+1 -> 61 | C71: 46048 | D71: Genbank | E71: 28 | F71: F252193 | G71: CIAT-BH22_0521 | H71: Urochloa | I71: humidicola | J71: Urochloa humidicola | K71: Poaceae | L71: Poales | M71: grasses | N71: 60,61, 62 | O71: OT-021
B72: =B71+1 -> 62 | C72: 46048 | D72: Genbank | E72: 28 | F72: F252574 | G72: CIAT326 | H72: Desmodium | I72: scorpiurus | J72: Desmodium scorpiurus | K72: Fabaceae | L72: Fabales | M72: Herbaceous | N72: 60,61, 62 | O72: OT-031
B73: =B72+1 -> 63 | C73: 46048 | D73: Jacobo Arango/Alejandro Montoya | E73: 28 | F73: F250008 | G73: Sample 8 | H73: Cynodon | I73: nlemfuensis | J73: Cynodon nlemfuensis | K73: Poaceae | L73: Poales | M73: grasses | N73: 60,61, 62 | O73: OT-002
B74: =B73+1 -> 64 | C74: 46048 | D74: Genbank | E74: 28 | F74: F252575 | G74: CIAT415 | H74: Vigna | I74: radiata | J74: Vigna radiata | K74: Fabaceae | L74: Fabales | M74: Herbaceous | N74: 60,61, 62 | O74: OT-031
B75: =B74+1 -> 65 | C75: 46048 | D75: Genbank | E75: 28 | F75: F252576 | G75: CIAT416 | H75: Vigna | I75: radiata | J75: Vigna radiata | K75: Fabaceae | L75: Fabales | M75: Herbaceous | N75: 60,61, 62 | O75: OT-031
B76: =B75+1 -> 66 | C76: 46048 | D76: Genbank | E76: 28 | F76: F252577 | G76: CIAT517 | H76: Macroptilium | I76: atropurpureum | J76: Macroptilium atropurpureum | K76: Fabaceae | L76: Fabales | M76: Herbaceous | N76: 60,61, 62 | O76: OT-031
B77: =B76+1 -> 67 | C77: 46048 | D77: Genbank | E77: 28 | F77: F252578 | G77: CIAT563 | H77: Macroptilium | I77: bracteatum | J77: Macroptilium bracteatum | K77: Fabaceae | L77: Fabales | M77: Herbaceous | N77: 60,61, 62 | O77: OT-031
B78: =B77+1 -> 68 | C78: 46048 | D78: Genbank | E78: 28 | F78: F252579 | G78: CIAT789 | H78: Zornia | I78: latifolia | J78: Zornia latifolia | K78: Fabaceae | L78: Fabales | M78: Herbaceous | N78: 60,61, 62 | O78: OT-031
B79: =B78+1 -> 69 | C79: 46048 | D79: Genbank | E79: 28 | F79: F252580 | G79: CIAT2085 | H79: Stylosanthes | I79: seabrana | J79: Stylosanthes seabrana | K79: Fabaceae | L79: Fabales | M79: Herbaceous | N79: 60,61, 62 | O79: OT-031
B80: =B79+1 -> 70 | C80: 46048 | D80: Genbank | E80: 28 | F80: F252581 | G80: CIAT2690 | H80: Stylosanthes | I80: angustifolia | J80: Stylosanthes angustifolia | K80: Fabaceae | L80: Fabales | M80: Herbaceous | N80: 60,61, 62 | O80: OT-031
B81: =B80+1 -> 71 | C81: 46048 | D81: Genbank | E81: 28 | F81: F252582 | G81: CIAT4069 | H81: Macroptilium | I81: atropurpureum | J81: Macroptilium atropurpureum | K81: Fabaceae | L81: Fabales | M81: Herbaceous | N81: 60,61, 62 | O81: OT-031
B82: =B81+1 -> 72 | C82: 46048 | D82: Genbank | E82: 28 | F82: F252583 | G82: CIAT4141 | H82: Vigna | I82: radiata | J82: Vigna radiata | K82: Fabaceae | L82: Fabales | M82: Herbaceous | N82: 60,61, 62 | O82: OT-031
... B84: =B83+1 -> 74 | C84: 46048 | D84: Genbank | E84: 28 | F84: F252585 | G84: CIAT4537 | H84: Vigna | I84: unguiculata | J84: Vigna unguiculata | K84: Fabaceae | L84: Fabales | M84: Herbaceous | N84: 60,61, 62 | O84: OT-031
B85: =B84+1 -> 75 | C85: 46048 | D85: Genbank | E85: 28 | F85: F252586 | G85: CIAT7289 | H85: Chamaecrista | I85: mimosoides | J85: Chamaecrista mimosoides | K85: Fabaceae | L85: Fabales | M85: Herbaceous | N85: 60,61, 62 | O85: OT-031 | Q85: Reproceso Joha Set 34
B86: =B85+1 -> 76 | C86: 46048 | D86: Genbank | E86: 28 | F86: F252587 | G86: CIAT7826 | H86: Tephrosia | I86: purpurea | J86: Tephrosia purpurea | K86: Fabaceae | L86: Fabales | M86: Herbaceous | N86: 60,61, 62 | O86: OT-031
B87: =B86+1 -> 77 | C87: 46048 | D87: Genbank | E87: 28 | F87: F252588 | G87: CIAT8014 | H87: Crotalaria | I87: retusa | J87: Crotalaria retusa | K87: Fabaceae | L87: Fabales | M87: Herbaceous | N87: 60,61, 62 | O87: OT-031
B88: =B87+1 -> 78 | C88: 46048 | D88: Genbank | E88: 28 | F88: F252589 | G88: CIAT8849 | H88: Zornia | I88: brasiliensis | J88: Zornia brasiliensis | K88: Fabaceae | L88: Fabales | M88: Herbaceous | N88: 60,61, 62 | O88: OT-031
B89: =B88+1 -> 79 | C89: 46048 | D89: Genbank | E89: 28 | F89: F252590 | G89: CIAT9326 | H89: Crotalaria | I89: retusa | J89: Crotalaria retusa | K89: Fabaceae | L89: Fabales | M89: Herbaceous | N89: 60,61, 62 | O89: OT-031
B90: =B89+1 -> 80 | C90: 46048 | D90: Genbank | E90: 28 | F90: F252591 | G90: CIAT9337 | H90: Crotalaria | I90: retusa | J90: Crotalaria retusa | K90: Fabaceae | L90: Fabales | M90: Herbaceous | N90: 60,61, 62 | O90: OT-031
B91: =B90+1 -> 81 | C91: 46048 | D91: Genbank | E91: 28 | F91: F252592 | G91: CIAT9350 | H91: Crotalaria | I91: pumila | J91: Crotalaria pumila | K91: Fabaceae | L91: Fabales | M91: Herbaceous | N91: 60,61, 62 | O91: OT-031
B92: =B91+1 -> 82 | C92: 46048 | D92: Genbank | E92: 28 | F92: F252593 | G92: CIAT9352 | H92: Crotalaria | I92: pumila | J92: Crotalaria pumila | K92: Fabaceae | L92: Fabales | M92: Herbaceous | N92: 60,61, 62 | O92: OT-031
B93: =B92+1 -> 83 | C93: 46048 | D93: Genbank | E93: 28 | F93: F252594 | G93: CIAT9472 | H93: Zornia | I93: brasiliensis | J93: Zornia brasiliensis | K93: Fabaceae | L93: Fabales | M93: Herbaceous | N93: 60,61, 62 | O93: OT-031
B94: =B93+1 -> 84 | C94: 46048 | D94: Genbank | E94: 28 | F94: F252595 | G94: CIAT9531 | H94: Indigofera | I94: spicata | J94: Indigofera spicata | K94: Fabaceae | L94: Fabales | M94: Herbaceous | N94: 60,61, 62 | O94: OT-031
B95: =B94+1 -> 85 | C95: 46048 | D95: Genbank | E95: 28 | F95: F252596 | G95: CIAT10026 | H95: Stylosanthes | I95: seabrana | J95: Stylosanthes seabrana | K95: Fabaceae | L95: Fabales | M95: Herbaceous | N95: 60,61, 62 | O95: OT-031
B96: =B95+1 -> 86 | C96: 46048 | D96: Genbank | E96: 28 | F96: F252597 | G96: CIAT12411 | H96: Stylosanthes | I96: sympodialis | J96: Stylosanthes sympodialis | K96: Fabaceae | L96: Fabales | M96: Herbaceous | N96: 60,61, 62 | O96: OT-031
B97: =B96+1 -> 87 | C97: 46048 | D97: Genbank | E97: 28 | F97: F252598 | G97: CIAT13494 | H97: Desmodium | I97: tortuosum | J97: Desmodium tortuosum | K97: Fabaceae | L97: Fabales | M97: Shurb_Tree | N97: 60,61, 62 | O97: OT-031
... B123: =B122+1 -> 113 | C123: 46055 | D123: Genbank | E123: 29 | F123: F252623 | G123: CIAT34347 | H123: Vigna | I123: unguiculata | J123: Vigna unguiculata | K123: Fabaceae | L123: Fabales | M123: Herbaceous | N123: 62,63,70 | O123: OT-031 (2025)
B124: =B123+1 -> 114 | C124: 46055 | D124: Genbank | E124: 29 | F124: F251692 | G124: CIAT-23715 | H124: Desmodium | I124: sequax | J124: Desmodium sequax | K124: Fabaceae | L124: Fabales | M124: Shrub | N124: 62,63,70 | O124: OT-008 (2025) | P124: Se debera repetir | Q124: Falta
B125: =B124+1 -> 115 | C125: 46055 | D125: Jacobo Arango/ Alejandro Montoya | E125: 29 | F125: F250008 | G125: Sample 8 | H125: Cynodon | I125: nlemfuensis | J125: Cynodon nlemfuensis | K125: Poaceae | L125: Poales | M125: grasses | N125: 62,63,70 | O125: OT-002 (2025)
B126: =B125+1 -> 116 | C126: 46062 | D126: Genbank | E126: 30 | F126: F260013 | G126: CIAT590 | H126: Macroptilium | I126: bracteatum | J126: Macroptilium bracteatum | K126: Fabaceae | L126: Fabales | M126: Herbaceous | N126: 64,65,71 | O126: OT-002(2026)
B127: =B126+1 -> 117 | C127: 46062 | D127: Genbank | E127: 30 | F127: F260014 | G127: CIAT778 | H127: Macroptilium | I127: atropurpureum | J127: Macroptilium atropurpureum | K127: Fabaceae | L127: Fabales | M127: Herbaceous | N127: 64,65,71 | O127: OT-002(2026)
B128: =B127+1 -> 118 | C128: 46062 | D128: Genbank | E128: 30 | F128: F260015 | G128: CIAT827 | H128: Indigofera | I128: jamaicensis | J128: Indigofera jamaicensis | K128: Fabaceae | L128: Fabales | M128: Herbaceous | N128: 64,65,71 | O128: OT-002(2026)
B129: =B128+1 -> 119 | C129: 46062 | D129: Genbank | E129: 30 | F129: F260016 | G129: CIAT997 | H129: Macroptilium | I129: atropurpureum | J129: Macroptilium atropurpureum | K129: Fabaceae | L129: Fabales | M129: Herbaceous | N129: 64,65,71 | O129: OT-002(2026)
B130: =B129+1 -> 120 | C130: 46062 | D130: Genbank | E130: 30 | F130: F260017 | G130: CIAT1405 | H130: Stylosanthes | I130: capitata | J130: Stylosanthes capitata | K130: Fabaceae | L130: Fabales | M130: Herbaceous | N130: 64,65,71 | O130: OT-002(2026)
B131: =B130+1 -> 121 | C131: 46062 | D131: Genbank | E131: 30 | F131: F260018 | G131: CIAT1812 | H131: Stylosanthes | I131: viscosa | J131: Stylosanthes viscosa | K131: Fabaceae | L131: Fabales | M131: Herbaceous | N131: 64,65,71 | O131: OT-002(2026)
B132: =B131+1 -> 122 | C132: 46062 | D132: Genbank | E132: 30 | F132: F260019 | G132: CIAT3694 | H132: Desmodium | I132: sandwicense | J132: Desmodium sandwicense | K132: Fabaceae | L132: Fabales | M132: Herbaceous | N132: 64,65,71 | O132: OT-002(2026)
B133: =B132+1 -> 123 | C133: 46062 | D133: Genbank | E133: 30 | F133: F260020 | G133: CIAT4080 | H133: Macroptilium | I133: bracteatum | J133: Macroptilium bracteatum | K133: Fabaceae | L133: Fabales | M133: Herbaceous | N133: 64,65,71 | O133: OT-002(2026)
B134: =B133+1 -> 124 | C134: 46062 | D134: Genbank | E134: 30 | F134: F260021 | G134: CIAT7162 | H134: Indigofera | I134: jamaicensis | J134: Indigofera jamaicensis | K134: Fabaceae | L134: Fabales | M134: Herbaceous | N134: 64,65,71 | O134: OT-002(2026)
B135: =B134+1 -> 125 | C135: 46062 | D135: Genbank | E135: 30 | F135: F260022 | G135: CIAT8820 | H135: Tephrosia | I135: cinerea | J135: Tephrosia cinerea | K135: Fabaceae | L135: Fabales | M135: Herbaceous | N135: 64,65,71 | O135: OT-002(2026)
B136: =B135+1 -> 126 | C136: 46062 | D136: Genbank | E136: 30 | F136: F260023 | G136: CIAT14080 | H136: Zornia | I136: brasiliensis | J136: Zornia brasiliensis | K136: Fabaceae | L136: Fabales | M136: Herbaceous | N136: 64,65,71 | O136: OT-002(2026)
... B154: =B153+1 -> 144 | C154: 46062 | D154: Genbank | E154: 30 | F154: F260041 | G154: CIAT23767 | H154: Desmodium | I154: nicaraguense | J154: Desmodium nicaraguense | K154: Fabaceae | L154: Fabales | M154: Shurb_Tree | N154: 64,65,71 | O154: OT-002(2026)
B155: =B154+1 -> 145 | C155: 46062 | D155: Genbank | E155: 30 | F155: F260042 | G155: CIAT33127 | H155: Codariocalyx | I155: motorius | J155: Codariocalyx motorius | K155: Fabaceae | L155: Fabales | M155: Shurb_Tree | N155: 64,65,71 | O155: OT-002(2026) | P155: Se debera repetir | Q155: Reproceso Joha Set 34
B156: =B155+1 -> 146 | C156: 46062 | D156: Breeding | E156: 30 | F156: F252104 | G156: CIAT-BR06_1348 | H156: Urochloa | I156: interespecifico | J156: Brachiaria interespecifico | K156: Poaceae | L156: Poales | M156: grasses | N156: 64,65,71 | O156: OT-013(2025)
B157: =B156+1 -> 147 | C157: 46062 | D157: Breeding | E157: 30 | F157: F252166 | G157: CIAT-BH22_0528 | H157: Urochloa | I157: humidicola | J157: Urochloa humidicola | K157: Poaceae | L157: Poales | M157: grasses | N157: 64,65,71 | O157: OT-020(2025)
B158: =B157+1 -> 148 | C158: 46062 | D158: Jacobo Arango/ Alejandro Montoya | E158: 30 | F158: F250008 | G158: Sample 8 | H158: Cynodon | I158: nlemfuensis | J158: Cynodon nlemfuensis | K158: Poaceae | L158: Poales | M158: grasses | N158: 64,65,71 | O158: OT-001(2025)

Sheet 10_information_samples
A1: 10_sample_serial_no | B1: 10_date | C1: 10_requisitioner | D1: 10_set_ciat | E1: 10_ciat_lab_id | F1: 10_gene_bank_breeding_program_id | G1: 10_genus | H1: 10_species | I1: 10_tax_name | J1: 10_family | K1: 10_order | L1: 10_functional_group | M1: 10_batches_ciat | N1: 10_id_lab | O1: 10_remarks_1 | P1: 10_remarks_2
A2: Sample serial No | B2: Date (M,D.Y) | C2: Requisitioner | D2: Set CIAT | E2: CIAT Lab-ID | F2: Gene bank /Breeding program ID | G2: Genus | H2: Species | I2: Tax Name | J2: Family | K2: Order | L2: Functional Group | M2: Batches CIAT | N2: ID LAB | O2: Observaciones
A3: 1 | B3: 46041 | C3: Genbank | D3: 27 | E3: F251728 | F3: CIAT-13262 | G3: Dendrolobium | H3: triangulare | I3: Dendrolobium triangulare | J3: Fabaceae | K3: Fabales | L3: Tree | M3: 58,59, 69 | N3: OT-010 (2025)
A4: 2 | B4: 46041 | C4: Genbank | D4: 27 | E4: F251729 | F4: CIAT-13528 | G4: Dendrolobium | H4: lanceolatum | I4: Dendrolobium lanceolatum | J4: Fabaceae | K4: Fabales | L4: Tree | M4: 58,59, 69 | N4: OT-010 (2025)
A5: 3 | B5: 46041 | C5: Genbank | D5: 27 | E5: F251730 | F5: CIAT-13529 | G5: Dendrolobium | H5: triangulare | I5: Dendrolobium triangulare | J5: Fabaceae | K5: Fabales | L5: Tree | M5: 58,59, 69 | N5: OT-010 (2025)
A6: 4 | B6: 46041 | C6: Genbank | D6: 27 | E6: F251731 | F6: CIAT-13710 | G6: Dendrolobium | H6: lanceolatum | I6: Dendrolobium lanceolatum | J6: Fabaceae | K6: Fabales | L6: Tree | M6: 58,59, 69 | N6: OT-010 (2025)
A7: 5 | B7: 46041 | C7: Genbank | D7: 27 | E7: F251732 | F7: CIAT-22004 | G7: Dendrolobium | H7: triangulare | I7: Dendrolobium triangulare | J7: Fabaceae | K7: Fabales | L7: Tree | M7: 58,59, 69 | N7: OT-010 (2025)
A8: 6 | B8: 46041 | C8: Genbank | D8: 27 | E8: F251733 | F8: CIAT-23104 | G8: Dendrolobium | H8: triangulare | I8: Dendrolobium triangulare | J8: Fabaceae | K8: Fabales | L8: Tree | M8: 58,59, 69 | N8: OT-010 (2025)
A9: 7 | B9: 46041 | C9: Genbank | D9: 27 | E9: F251734 | F9: CIAT-23106 | G9: Dendrolobium | H9: triangulare | I9: Dendrolobium triangulare | J9: Fabaceae | K9: Fabales | L9: Tree | M9: 58,59, 69 | N9: OT-010 (2025)
A10: 8 | B10: 46041 | C10: Genbank | D10: 27 | E10: F251735 | F10: CIAT-23107 | G10: Dendrolobium | H10: triangulare | I10: Dendrolobium triangulare | J10: Fabaceae | K10: Fabales | L10: Tree | M10: 58,59, 69 | N10: OT-010 (2025)
A11: 9 | B11: 46041 | C11: Genbank | D11: 27 | E11: F251736 | F11: CIAT-23108 | G11: Dendrolobium | H11: triangulare | I11: Dendrolobium triangulare | J11: Fabaceae | K11: Fabales | L11: Tree | M11: 58,59, 69 | N11: OT-010 (2025)
A12: 10 | B12: 46041 | C12: Genbank | D12: 27 | E12: F251737 | F12: CIAT-23412 | G12: Dendrolobium | H12: triangulare | I12: Dendrolobium triangulare | J12: Fabaceae | K12: Fabales | L12: Tree | M12: 58,59, 69 | N12: OT-010 (2025)
A13: 11 | B13: 46041 | C13: Genbank | D13: 27 | E13: F251738 | F13: CIAT-23413 | G13: Dendrolobium | H13: triangulare | I13: Dendrolobium triangulare | J13: Fabaceae | K13: Fabales | L13: Tree | M13: 58,59, 69 | N13: OT-010 (2025)
A14: 12 | B14: 46041 | C14: Genbank | D14: 27 | E14: F251739 | F14: CIAT-23419 | G14: Dendrolobium | H14: triangulare | I14: Dendrolobium triangulare | J14: Fabaceae | K14: Fabales | L14: Tree | M14: 58,59, 69 | N14: OT-010 (2025)
... A49: 47 | B49: 46048 | C49: Genbank | D49: 28 | E49: F251771 | F49: CIAT-22310 | G49: Calliandra | H49: calothyrsus | I49: Calliandra calothyrsus | J49: Fabaceae | K49: Fabales | L49: Tree | M49: 60,61, 62 | N49: OT-010
A50: 48 | B50: 46048 | C50: Genbank | D50: 28 | E50: F251772 | F50: CIAT-22311 | G50: Calliandra | H50: calothyrsus | I50: Calliandra calothyrsus | J50: Fabaceae | K50: Fabales | L50: Tree | M50: 60,61, 62 | N50: OT-010 | O50: Se debera repetir | P50: Falta
A51: 49 | B51: 46048 | C51: Genbank | D51: 28 | E51: F251773 | F51: CIAT-22316 | G51: Calliandra | H51: calothyrsus | I51: Calliandra calothyrsus | J51: Fabaceae | K51: Fabales | L51: Tree | M51: 60,61, 62 | N51: OT-010
A52: 50 | B52: 46048 | C52: Genbank | D52: 28 | E52: F251774 | F52: CIAT-23239 | G52: Dendrolobium | H52: triangulare | I52: Dendrolobium triangulare | J52: Fabaceae | K52: Fabales | L52: Tree | M52: 60,61, 62 | N52: OT-010
A53: 51 | B53: 46048 | C53: Genbank | D53: 28 | E53: F251775 | F53: CIAT-33116 | G53: Dendrolobium | H53: triangulare | I53: Dendrolobium triangulare | J53: Fabaceae | K53: Fabales | L53: Tree | M53: 60,61, 62 | N53: OT-010
A54: 52 | B54: 46048 | C54: Genbank | D54: 28 | E54: F252184 | F54: CIAT-BH22_0303 | G54: Urochloa | H54: humidicola | I54: Urochloa humidicola | J54: Poaceae | K54: Poales | L54: grasses | M54: 60,61, 62 | N54: OT-021 | P54: Reproceso Joha Set 34
A55: 53 | B55: 46048 | C55: Genbank | D55: 28 | E55: F252185 | F55: CIAT-BH22_1594 | G55: Urochloa | H55: humidicola | I55: Urochloa humidicola | J55: Poaceae | K55: Poales | L55: grasses | M55: 60,61, 62 | N55: OT-021
A56: 54 | B56: 46048 | C56: Genbank | D56: 28 | E56: F252186 | F56: CIAT-BH22_0468 | G56: Urochloa | H56: humidicola | I56: Urochloa humidicola | J56: Poaceae | K56: Poales | L56: grasses | M56: 60,61, 62 | N56: OT-021
A57: 55 | B57: 46048 | C57: Genbank | D57: 28 | E57: F252187 | F57: CIAT-BH22_3830 | G57: Urochloa | H57: humidicola | I57: Urochloa humidicola | J57: Poaceae | K57: Poales | L57: grasses | M57: 60,61, 62 | N57: OT-021
A58: 56 | B58: 46048 | C58: Genbank | D58: 28 | E58: F252188 | F58: CIAT-BH22_1710 | G58: Urochloa | H58: humidicola | I58: Urochloa humidicola | J58: Poaceae | K58: Poales | L58: grasses | M58: 60,61, 62 | N58: OT-021
A59: 57 | B59: 46048 | C59: Genbank | D59: 28 | E59: F252189 | F59: CIAT-BH22_2365 | G59: Urochloa | H59: humidicola | I59: Urochloa humidicola | J59: Poaceae | K59: Poales | L59: grasses | M59: 60,61, 62 | N59: OT-021
A60: 58 | B60: 46048 | C60: Genbank | D60: 28 | E60: F252190 | F60: CIAT-BH22_3572 | G60: Urochloa | H60: humidicola | I60: Urochloa humidicola | J60: Poaceae | K60: Poales | L60: grasses | M60: 60,61, 62 | N60: OT-021
A61: 59 | B61: 46048 | C61: Genbank | D61: 28 | E61: F252191 | F61: CIAT-BH22_0517 | G61: Urochloa | H61: humidicola | I61: Urochloa humidicola | J61: Poaceae | K61: Poales | L61: grasses | M61: 60,61, 62 | N61: OT-021 | O61: Se debera repetir | P61: Reproceso Joha Set 34
A62: 60 | B62: 46048 | C62: Genbank | D62: 28 | E62: F252192 | F62: CIAT-BH22_0519 | G62: Urochloa | H62: humidicola | I62: Urochloa humidicola | J62: Poaceae | K62: Poales | L62: grasses | M62: 60,61, 62 | N62: OT-021 | O62: Se debera repetir | P62: Reproceso Joha Set 34
A63: 61 | B63: 46048 | C63: Genbank | D63: 28 | E63: F252193 | F63: CIAT-BH22_0521 | G63: Urochloa | H63: humidicola | I63: Urochloa humidicola | J63: Poaceae | K63: Poales | L63: grasses | M63: 60,61, 62 | N63: OT-021
A64: 62 | B64: 46048 | C64: Genbank | D64: 28 | E64: F252574 | F64: CIAT326 | G64: Desmodium | H64: scorpiurus | I64: Desmodium scorpiurus | J64: Fabaceae | K64: Fabales | L64: Herbaceous | M64: 60,61, 62 | N64: OT-031
A65: 63 | B65: 46048 | C65: Jacobo Arango/Alejandro Montoya | D65: 28 | E65: F250008 | F65: Sample 8 | G65: Cynodon | H65: nlemfuensis | I65: Cynodon nlemfuensis | J65: Poaceae | K65: Poales | L65: grasses | M65: 60,61, 62 | N65: OT-002
A66: 64 | B66: 46048 | C66: Genbank | D66: 28 | E66: F252575 | F66: CIAT415 | G66: Vigna | H66: radiata | I66: Vigna radiata | J66: Fabaceae | K66: Fabales | L66: Herbaceous | M66: 60,61, 62 | N66: OT-031
A67: 65 | B67: 46048 | C67: Genbank | D67: 28 | E67: F252576 | F67: CIAT416 | G67: Vigna | H67: radiata | I67: Vigna radiata | J67: Fabaceae | K67: Fabales | L67: Herbaceous | M67: 60,61, 62 | N67: OT-031
A68: 66 | B68: 46048 | C68: Genbank | D68: 28 | E68: F252577 | F68: CIAT517 | G68: Macroptilium | H68: atropurpureum | I68: Macroptilium atropurpureum | J68: Fabaceae | K68: Fabales | L68: Herbaceous | M68: 60,61, 62 | N68: OT-031
A69: 67 | B69: 46048 | C69: Genbank | D69: 28 | E69: F252578 | F69: CIAT563 | G69: Macroptilium | H69: bracteatum | I69: Macroptilium bracteatum | J69: Fabaceae | K69: Fabales | L69: Herbaceous | M69: 60,61, 62 | N69: OT-031
A70: 68 | B70: 46048 | C70: Genbank | D70: 28 | E70: F252579 | F70: CIAT789 | G70: Zornia | H70: latifolia | I70: Zornia latifolia | J70: Fabaceae | K70: Fabales | L70: Herbaceous | M70: 60,61, 62 | N70: OT-031
A71: 69 | B71: 46048 | C71: Genbank | D71: 28 | E71: F252580 | F71: CIAT2085 | G71: Stylosanthes | H71: seabrana | I71: Stylosanthes seabrana | J71: Fabaceae | K71: Fabales | L71: Herbaceous | M71: 60,61, 62 | N71: OT-031
A72: 70 | B72: 46048 | C72: Genbank | D72: 28 | E72: F252581 | F72: CIAT2690 | G72: Stylosanthes | H72: angustifolia | I72: Stylosanthes angustifolia | J72: Fabaceae | K72: Fabales | L72: Herbaceous | M72: 60,61, 62 | N72: OT-031
A73: 71 | B73: 46048 | C73: Genbank | D73: 28 | E73: F252582 | F73: CIAT4069 | G73: Macroptilium | H73: atropurpureum | I73: Macroptilium atropurpureum | J73: Fabaceae | K73: Fabales | L73: Herbaceous | M73: 60,61, 62 | N73: OT-031
A74: 72 | B74: 46048 | C74: Genbank | D74: 28 | E74: F252583 | F74: CIAT4141 | G74: Vigna | H74: radiata | I74: Vigna radiata | J74: Fabaceae | K74: Fabales | L74: Herbaceous | M74: 60,61, 62 | N74: OT-031
... A76: 74 | B76: 46048 | C76: Genbank | D76: 28 | E76: F252585 | F76: CIAT4537 | G76: Vigna | H76: unguiculata | I76: Vigna unguiculata | J76: Fabaceae | K76: Fabales | L76: Herbaceous | M76: 60,61, 62 | N76: OT-031
A77: 75 | B77: 46048 | C77: Genbank | D77: 28 | E77: F252586 | F77: CIAT7289 | G77: Chamaecrista | H77: mimosoides | I77: Chamaecrista mimosoides | J77: Fabaceae | K77: Fabales | L77: Herbaceous | M77: 60,61, 62 | N77: OT-031 | P77: Reproceso Joha Set 34
A78: 76 | B78: 46048 | C78: Genbank | D78: 28 | E78: F252587 | F78: CIAT7826 | G78: Tephrosia | H78: purpurea | I78: Tephrosia purpurea | J78: Fabaceae | K78: Fabales | L78: Herbaceous | M78: 60,61, 62 | N78: OT-031
A79: 77 | B79: 46048 | C79: Genbank | D79: 28 | E79: F252588 | F79: CIAT8014 | G79: Crotalaria | H79: retusa | I79: Crotalaria retusa | J79: Fabaceae | K79: Fabales | L79: Herbaceous | M79: 60,61, 62 | N79: OT-031
A80: 78 | B80: 46048 | C80: Genbank | D80: 28 | E80: F252589 | F80: CIAT8849 | G80: Zornia | H80: brasiliensis | I80: Zornia brasiliensis | J80: Fabaceae | K80: Fabales | L80: Herbaceous | M80: 60,61, 62 | N80: OT-031
A81: 79 | B81: 46048 | C81: Genbank | D81: 28 | E81: F252590 | F81: CIAT9326 | G81: Crotalaria | H81: retusa | I81: Crotalaria retusa | J81: Fabaceae | K81: Fabales | L81: Herbaceous | M81: 60,61, 62 | N81: OT-031
A82: 80 | B82: 46048 | C82: Genbank | D82: 28 | E82: F252591 | F82: CIAT9337 | G82: Crotalaria | H82: retusa | I82: Crotalaria retusa | J82: Fabaceae | K82: Fabales | L82: Herbaceous | M82: 60,61, 62 | N82: OT-031
A83: 81 | B83: 46048 | C83: Genbank | D83: 28 | E83: F252592 | F83: CIAT9350 | G83: Crotalaria | H83: pumila | I83: Crotalaria pumila | J83: Fabaceae | K83: Fabales | L83: Herbaceous | M83: 60,61, 62 | N83: OT-031
A84: 82 | B84: 46048 | C84: Genbank | D84: 28 | E84: F252593 | F84: CIAT9352 | G84: Crotalaria | H84: pumila | I84: Crotalaria pumila | J84: Fabaceae | K84: Fabales | L84: Herbaceous | M84: 60,61, 62 | N84: OT-031
A85: 83 | B85: 46048 | C85: Genbank | D85: 28 | E85: F252594 | F85: CIAT9472 | G85: Zornia | H85: brasiliensis | I85: Zornia brasiliensis | J85: Fabaceae | K85: Fabales | L85: Herbaceous | M85: 60,61, 62 | N85: OT-031
A86: 84 | B86: 46048 | C86: Genbank | D86: 28 | E86: F252595 | F86: CIAT9531 | G86: Indigofera | H86: spicata | I86: Indigofera spicata | J86: Fabaceae | K86: Fabales | L86: Herbaceous | M86: 60,61, 62 | N86: OT-031
A87: 85 | B87: 46048 | C87: Genbank | D87: 28 | E87: F252596 | F87: CIAT10026 | G87: Stylosanthes | H87: seabrana | I87: Stylosanthes seabrana | J87: Fabaceae | K87: Fabales | L87: Herbaceous | M87: 60,61, 62 | N87: OT-031
A88: 86 | B88: 46048 | C88: Genbank | D88: 28 | E88: F252597 | F88: CIAT12411 | G88: Stylosanthes | H88: sympodialis | I88: Stylosanthes sympodialis | J88: Fabaceae | K88: Fabales | L88: Herbaceous | M88: 60,61, 62 | N88: OT-031
A89: 87 | B89: 46048 | C89: Genbank | D89: 28 | E89: F252598 | F89: CIAT13494 | G89: Desmodium | H89: tortuosum | I89: Desmodium tortuosum | J89: Fabaceae | K89: Fabales | L89: Shurb_Tree | M89: 60,61, 62 | N89: OT-031
... A115: 113 | B115: 46055 | C115: Genbank | D115: 29 | E115: F252623 | F115: CIAT34347 | G115: Vigna | H115: unguiculata | I115: Vigna unguiculata | J115: Fabaceae | K115: Fabales | L115: Herbaceous | M115: 62,63,70 | N115: OT-031 (2025)
A116: 114 | B116: 46055 | C116: Genbank | D116: 29 | E116: F251692 | F116: CIAT-23715 | G116: Desmodium | H116: sequax | I116: Desmodium sequax | J116: Fabaceae | K116: Fabales | L116: Shrub | M116: 62,63,70 | N116: OT-008 (2025) | O116: Se debera repetir | P116: Falta
A117: 115 | B117: 46055 | C117: Jacobo Arango/ Alejandro Montoya | D117: 29 | E117: F250008 | F117: Sample 8 | G117: Cynodon | H117: nlemfuensis | I117: Cynodon nlemfuensis | J117: Poaceae | K117: Poales | L117: grasses | M117: 62,63,70 | N117: OT-002 (2025)
A118: 116 | B118: 46062 | C118: Genbank | D118: 30 | E118: F260013 | F118: CIAT590 | G118: Macroptilium | H118: bracteatum | I118: Macroptilium bracteatum | J118: Fabaceae | K118: Fabales | L118: Herbaceous | M118: 64,65,71 | N118: OT-002(2026)
A119: 117 | B119: 46062 | C119: Genbank | D119: 30 | E119: F260014 | F119: CIAT778 | G119: Macroptilium | H119: atropurpureum | I119: Macroptilium atropurpureum | J119: Fabaceae | K119: Fabales | L119: Herbaceous | M119: 64,65,71 | N119: OT-002(2026)
A120: 118 | B120: 46062 | C120: Genbank | D120: 30 | E120: F260015 | F120: CIAT827 | G120: Indigofera | H120: jamaicensis | I120: Indigofera jamaicensis | J120: Fabaceae | K120: Fabales | L120: Herbaceous | M120: 64,65,71 | N120: OT-002(2026)
A121: 119 | B121: 46062 | C121: Genbank | D121: 30 | E121: F260016 | F121: CIAT997 | G121: Macroptilium | H121: atropurpureum | I121: Macroptilium atropurpureum | J121: Fabaceae | K121: Fabales | L121: Herbaceous | M121: 64,65,71 | N121: OT-002(2026)
A122: 120 | B122: 46062 | C122: Genbank | D122: 30 | E122: F260017 | F122: CIAT1405 | G122: Stylosanthes | H122: capitata | I122: Stylosanthes capitata | J122: Fabaceae | K122: Fabales | L122: Herbaceous | M122: 64,65,71 | N122: OT-002(2026)
A123: 121 | B123: 46062 | C123: Genbank | D123: 30 | E123: F260018 | F123: CIAT1812 | G123: Stylosanthes | H123: viscosa | I123: Stylosanthes viscosa | J123: Fabaceae | K123: Fabales | L123: Herbaceous | M123: 64,65,71 | N123: OT-002(2026)
A124: 122 | B124: 46062 | C124: Genbank | D124: 30 | E124: F260019 | F124: CIAT3694 | G124: Desmodium | H124: sandwicense | I124: Desmodium sandwicense | J124: Fabaceae | K124: Fabales | L124: Herbaceous | M124: 64,65,71 | N124: OT-002(2026)
A125: 123 | B125: 46062 | C125: Genbank | D125: 30 | E125: F260020 | F125: CIAT4080 | G125: Macroptilium | H125: bracteatum | I125: Macroptilium bracteatum | J125: Fabaceae | K125: Fabales | L125: Herbaceous | M125: 64,65,71 | N125: OT-002(2026)
A126: 124 | B126: 46062 | C126: Genbank | D126: 30 | E126: F260021 | F126: CIAT7162 | G126: Indigofera | H126: jamaicensis | I126: Indigofera jamaicensis | J126: Fabaceae | K126: Fabales | L126: Herbaceous | M126: 64,65,71 | N126: OT-002(2026)
A127: 125 | B127: 46062 | C127: Genbank | D127: 30 | E127: F260022 | F127: CIAT8820 | G127: Tephrosia | H127: cinerea | I127: Tephrosia cinerea | J127: Fabaceae | K127: Fabales | L127: Herbaceous | M127: 64,65,71 | N127: OT-002(2026)
A128: 126 | B128: 46062 | C128: Genbank | D128: 30 | E128: F260023 | F128: CIAT14080 | G128: Zornia | H128: brasiliensis | I128: Zornia brasiliensis | J128: Fabaceae | K128: Fabales | L128: Herbaceous | M128: 64,65,71 | N128: OT-002(2026)
... A146: 144 | B146: 46062 | C146: Genbank | D146: 30 | E146: F260041 | F146: CIAT23767 | G146: Desmodium | H146: nicaraguense | I146: Desmodium nicaraguense | J146: Fabaceae | K146: Fabales | L146: Shurb_Tree | M146: 64,65,71 | N146: OT-002(2026)
A147: 145 | B147: 46062 | C147: Genbank | D147: 30 | E147: F260042 | F147: CIAT33127 | G147: Codariocalyx | H147: motorius | I147: Codariocalyx motorius | J147: Fabaceae | K147: Fabales | L147: Shurb_Tree | M147: 64,65,71 | N147: OT-002(2026) | O147: Se debera repetir | P147: Reproceso Joha Set 34
A148: 146 | B148: 46062 | C148: Breeding | D148: 30 | E148: F252104 | F148: CIAT-BR06_1348 | G148: Urochloa | H148: interespecifico | I148: Brachiaria interespecifico | J148: Poaceae | K148: Poales | L148: grasses | M148: 64,65,71 | N148: OT-013(2025)
A149: 147 | B149: 46062 | C149: Breeding | D149: 30 | E149: F252166 | F149: CIAT-BH22_0528 | G149: Urochloa | H149: humidicola | I149: Urochloa humidicola | J149: Poaceae | K149: Poales | L149: grasses | M149: 64,65,71 | N149: OT-020(2025)
A150: 148 | B150: 46062 | C150: Jacobo Arango/ Alejandro Montoya | D150: 30 | E150: F250008 | F150: Sample 8 | G150: Cynodon | H150: nlemfuensis | I150: Cynodon nlemfuensis | J150: Poaceae | K150: Poales | L150: grasses | M150: 64,65,71 | N150: OT-001(2025)

Sheet 2.1. DM
B10: No | C10: Date | D10: ='1. Information samples'!D10 -> Requisitioner | E10: ='1. Information samples'!E10 -> Set CIAT | F10: ='1. Information samples'!F10 -> CIAT Lab-ID | G10: ='1. Information samples'!G10 -> Gene bank /Breeding program ID | H10: ='1. Information samples'!H10 -> Genus | I10: ='1. Information samples'!I10 -> Species | J10: ='1. Information samples'!J10 -> Tax Name | K10: ='1. Information samples'!K10 -> Family | ... O10: ='1. Information samples'!O10 -> ID LAB | P10: DM, % | Q10: Av DM 105 | R10: Ash, % | S10: Av Ash, % | T10: OM, % | U10: OM, %
B11: 1 | C11: ='1. Information samples'!C11 -> 46041 | D11: ='1. Information samples'!D11 -> Genbank | E11: ='1. Information samples'!E11 -> 27 | F11: ='1. Information samples'!F11 -> F251728 | G11: ='1. Information samples'!G11 -> CIAT-13262 | H11: ='1. Information samples'!H11 -> Dendrolobium | I11: ='1. Information samples'!I11 -> triangulare | J11: ='1. Information samples'!J11 -> Dendrolobium triangulare | ... O11: ='1. Information samples'!O11 -> OT-010 (2025) | P11: 94.902549 | Q11: =AVERAGE(P11:P12) -> 94.932282 | R11: 8.6755336 | S11: =AVERAGE(R11:R12) -> 8.6970265 | T11: 91.324466 | U11: =AVERAGE(T11:T12) -> 91.302974
B12: =B11+1 -> 2 | C12: =C11 -> 46041 | D12: =D11 -> Genbank | E12: =E11 -> 27 | F12: =F11 -> F251728 | G12: =G11 -> CIAT-13262 | H12: =H11 -> Dendrolobium | I12: =I11 -> triangulare | J12: =J11 -> Dendrolobium triangulare | ... O12: =O11 -> OT-010 (2025) | P12: 94.962015 | R12: 8.7185193 | T12: 91.281481
B13: =B12+1 -> 3 | C13: ='1. Information samples'!C12 -> 46041 | D13: ='1. Information samples'!D12 -> Genbank | E13: ='1. Information samples'!E12 -> 27 | F13: ='1. Information samples'!F12 -> F251729 | G13: ='1. Information samples'!G12 -> CIAT-13528 | H13: ='1. Information samples'!H12 -> Dendrolobium | I13: ='1. Information samples'!I12 -> lanceolatum | J13: ='1. Information samples'!J12 -> Dendrolobium lanceolatum | ... O13: ='1. Information samples'!O12 -> OT-010 (2025) | P13: 95.0005 | Q13: =AVERAGE(P13:P14) -> 95.045741 | R13: 7.5850627 | S13: =AVERAGE(R13:R14) -> 7.5846836 | T13: 92.414937 | U13: =AVERAGE(T13:T14) -> 92.415316
B14: =B13+1 -> 4 | C14: =C13 -> 46041 | D14: =D13 -> Genbank | E14: =E13 -> 27 | F14: =F13 -> F251729 | G14: =G13 -> CIAT-13528 | H14: =H13 -> Dendrolobium | I14: =I13 -> lanceolatum | J14: =J13 -> Dendrolobium lanceolatum | ... O14: =O13 -> OT-010 (2025) | P14: 95.090982 | R14: 7.5843044 | T14: 92.415696
B15: =B14+1 -> 5 | C15: ='1. Information samples'!C13 -> 46041 | D15: ='1. Information samples'!D13 -> Genbank | E15: ='1. Information samples'!E13 -> 27 | F15: ='1. Information samples'!F13 -> F251730 | G15: ='1. Information samples'!G13 -> CIAT-13529 | H15: ='1. Information samples'!H13 -> Dendrolobium | I15: ='1. Information samples'!I13 -> triangulare | J15: ='1. Information samples'!J13 -> Dendrolobium triangulare | ... O15: ='1. Information samples'!O13 -> OT-010 (2025) | P15: 94.302849 | Q15: =AVERAGE(P15:P16) -> 94.356983 | R15: 6.7158056 | S15: =AVERAGE(R15:R16) -> 6.690323 | T15: 93.284194 | U15: =AVERAGE(T15:T16) -> 93.309677
B16: =B15+1 -> 6 | C16: =C15 -> 46041 | D16: =D15 -> Genbank | E16: =E15 -> 27 | F16: =F15 -> F251730 | G16: =G15 -> CIAT-13529 | H16: =H15 -> Dendrolobium | I16: =I15 -> triangulare | J16: =J15 -> Dendrolobium triangulare | ... O16: =O15 -> OT-010 (2025) | P16: 94.411118 | R16: 6.6648403 | T16: 93.33516
B17: =B16+1 -> 7 | C17: ='1. Information samples'!C14 -> 46041 | D17: ='1. Information samples'!D14 -> Genbank | E17: ='1. Information samples'!E14 -> 27 | F17: ='1. Information samples'!F14 -> F251731 | G17: ='1. Information samples'!G14 -> CIAT-13710 | H17: ='1. Information samples'!H14 -> Dendrolobium | I17: ='1. Information samples'!I14 -> lanceolatum | J17: ='1. Information samples'!J14 -> Dendrolobium lanceolatum | ... O17: ='1. Information samples'!O14 -> OT-010 (2025) | P17: 94.092954 | Q17: =AVERAGE(P17:P18) -> 94.132642 | R17: 7.5493969 | S17: =AVERAGE(R17:R18) -> 7.4913694 | T17: 92.450603 | U17: =AVERAGE(T17:T18) -> 92.508631
B18: =B17+1 -> 8 | C18: =C17 -> 46041 | D18: =D17 -> Genbank | E18: =E17 -> 27 | F18: =F17 -> F251731 | G18: =G17 -> CIAT-13710 | H18: =H17 -> Dendrolobium | I18: =I17 -> lanceolatum | J18: =J17 -> Dendrolobium lanceolatum | ... O18: =O17 -> OT-010 (2025) | P18: 94.172331 | R18: 7.4333419 | T18: 92.566658
B19: =B18+1 -> 9 | C19: ='1. Information samples'!C15 -> 46041 | D19: ='1. Information samples'!D15 -> Genbank | E19: ='1. Information samples'!E15 -> 27 | F19: ='1. Information samples'!F15 -> F251732 | G19: ='1. Information samples'!G15 -> CIAT-22004 | H19: ='1. Information samples'!H15 -> Dendrolobium | I19: ='1. Information samples'!I15 -> triangulare | J19: ='1. Information samples'!J15 -> Dendrolobium triangulare | ... O19: ='1. Information samples'!O15 -> OT-010 (2025) | P19: 94.180582 | Q19: =AVERAGE(P19:P20) -> 94.29585 | R19: 6.7864705 | S19: =AVERAGE(R19:R20) -> 6.8126383 | T19: 93.213529 | U19: =AVERAGE(T19:T20) -> 93.187362
B20: =B19+1 -> 10 | C20: =C19 -> 46041 | D20: =D19 -> Genbank | E20: =E19 -> 27 | F20: =F19 -> F251732 | G20: =G19 -> CIAT-22004 | H20: =H19 -> Dendrolobium | I20: =I19 -> triangulare | J20: =J19 -> Dendrolobium triangulare | ... O20: =O19 -> OT-010 (2025) | P20: 94.411118 | R20: 6.838806 | T20: 93.161194
B21: =B20+1 -> 11 | C21: ='1. Information samples'!C16 -> 46041 | D21: ='1. Information samples'!D16 -> Genbank | E21: ='1. Information samples'!E16 -> 27 | F21: ='1. Information samples'!F16 -> F251733 | G21: ='1. Information samples'!G16 -> CIAT-23104 | H21: ='1. Information samples'!H16 -> Dendrolobium | I21: ='1. Information samples'!I16 -> triangulare | J21: ='1. Information samples'!J16 -> Dendrolobium triangulare | ... O21: ='1. Information samples'!O16 -> OT-010 (2025) | P21: 92.622951 | Q21: =AVERAGE(P21:P22) -> 92.632579 | R21: 7.0357461 | S21: =AVERAGE(R21:R22) -> 6.9983254 | T21: 92.964254 | U21: =AVERAGE(T21:T22) -> 93.001675
B22: =B21+1 -> 12 | C22: =C21 -> 46041 | D22: =D21 -> Genbank | E22: =E21 -> 27 | F22: =F21 -> F251733 | G22: =G21 -> CIAT-23104 | H22: =H21 -> Dendrolobium | I22: =I21 -> triangulare | J22: =J21 -> Dendrolobium triangulare | ... O22: =O21 -> OT-010 (2025) | P22: 92.642207 | R22: 6.9609047 | T22: 93.039095
B23: =B22+1 -> 13 | C23: ='1. Information samples'!C17 -> 46041 | D23: ='1. Information samples'!D17 -> Genbank | E23: ='1. Information samples'!E17 -> 27 | F23: ='1. Information samples'!F17 -> F251734 | G23: ='1. Information samples'!G17 -> CIAT-23106 | H23: ='1. Information samples'!H17 -> Dendrolobium | I23: ='1. Information samples'!I17 -> triangulare | J23: ='1. Information samples'!J17 -> Dendrolobium triangulare | ... O23: ='1. Information samples'!O17 -> OT-010 (2025) | P23: 94.502749 | Q23: =AVERAGE(P23:P24) -> 94.652674 | R23: 6.8004224 | S23: =AVERAGE(R23:R24) -> 6.8532207 | T23: 93.199578 | U23: =AVERAGE(T23:T24) -> 93.146779
B24: =B23+1 -> 14 | C24: =C23 -> 46041 | D24: =D23 -> Genbank | E24: =E23 -> 27 | F24: =F23 -> F251734 | G24: =G23 -> CIAT-23106 | H24: =H23 -> Dendrolobium | I24: =I23 -> triangulare | J24: =J23 -> Dendrolobium triangulare | ... O24: =O23 -> OT-010 (2025) | P24: 94.802599 | R24: 6.906019 | T24: 93.093981
B25: =B24+1 -> 15 | C25: ='1. Information samples'!C18 -> 46041 | D25: ='1. Information samples'!D18 -> Genbank | E25: ='1. Information samples'!E18 -> 27 | F25: ='1. Information samples'!F18 -> F251735 | G25: ='1. Information samples'!G18 -> CIAT-23107 | H25: ='1. Information samples'!H18 -> Dendrolobium | I25: ='1. Information samples'!I18 -> triangulare | J25: ='1. Information samples'!J18 -> Dendrolobium triangulare | ... O25: ='1. Information samples'!O18 -> OT-010 (2025) | P25: 94.962519 | Q25: =AVERAGE(P25:P26) -> 94.987008 | R25: 6.8396213 | S25: =AVERAGE(R25:R26) -> 6.9192396 | T25: 93.160379 | U25: =AVERAGE(T25:T26) -> 93.08076
B26: =B25+1 -> 16 | C26: =C25 -> 46041 | D26: =D25 -> Genbank | E26: =E25 -> 27 | F26: =F25 -> F251735 | G26: =G25 -> CIAT-23107 | H26: =H25 -> Dendrolobium | I26: =I25 -> triangulare | J26: =J25 -> Dendrolobium triangulare | ... O26: =O25 -> OT-010 (2025) | P26: 95.011497 | R26: 6.9988578 | T26: 93.001142
B27: =B26+1 -> 17 | C27: ='1. Information samples'!C19 -> 46041 | D27: ='1. Information samples'!D19 -> Genbank | E27: ='1. Information samples'!E19 -> 27 | F27: ='1. Information samples'!F19 -> F251736 | G27: ='1. Information samples'!G19 -> CIAT-23108 | H27: ='1. Information samples'!H19 -> Dendrolobium | I27: ='1. Information samples'!I19 -> triangulare | J27: ='1. Information samples'!J19 -> Dendrolobium triangulare | ... O27: ='1. Information samples'!O19 -> OT-010 (2025) | P27: 94.473316 | Q27: =AVERAGE(P27:P28) -> 94.543274 | R27: 6.8710359 | S27: =AVERAGE(R27:R28) -> 6.9291755 | T27: 93.128964 | U27: =AVERAGE(T27:T28) -> 93.070825
B28: =B27+1 -> 18 | C28: =C27 -> 46041 | D28: =D27 -> Genbank | E28: =E27 -> 27 | F28: =F27 -> F251736 | G28: =G27 -> CIAT-23108 | H28: =H27 -> Dendrolobium | I28: =I27 -> triangulare | J28: =J27 -> Dendrolobium triangulare | ... O28: =O27 -> OT-010 (2025) | P28: 94.613232 | R28: 6.987315 | T28: 93.012685
B29: =B28+1 -> 19 | C29: ='1. Information samples'!C20 -> 46041 | D29: ='1. Information samples'!D20 -> Genbank | E29: ='1. Information samples'!E20 -> 27 | F29: ='1. Information samples'!F20 -> F251737 | G29: ='1. Information samples'!G20 -> CIAT-23412 | H29: ='1. Information samples'!H20 -> Dendrolobium | I29: ='1. Information samples'!I20 -> triangulare | J29: ='1. Information samples'!J20 -> Dendrolobium triangulare | ... O29: ='1. Information samples'!O20 -> OT-010 (2025) | P29: 94.381685 | Q29: =AVERAGE(P29:P30) -> 94.187645 | R29: 7.2386932 | S29: =AVERAGE(R29:R30) -> 7.2747456 | T29: 92.761307 | U29: =AVERAGE(T29:T30) -> 92.725254
B30: =B29+1 -> 20 | C30: =C29 -> 46041 | D30: =D29 -> Genbank | E30: =E29 -> 27 | F30: =F29 -> F251737 | G30: =G29 -> CIAT-23412 | H30: =H29 -> Dendrolobium | I30: =I29 -> triangulare | J30: =J29 -> Dendrolobium triangulare | ... O30: =O29 -> OT-010 (2025) | P30: 93.993604 | R30: 7.310798 | T30: 92.689202
B31: =B30+1 -> 21 | C31: ='1. Information samples'!C21 -> 46041 | D31: ='1. Information samples'!D21 -> Genbank | E31: ='1. Information samples'!E21 -> 27 | F31: ='1. Information samples'!F21 -> F251738 | G31: ='1. Information samples'!G21 -> CIAT-23413 | H31: ='1. Information samples'!H21 -> Dendrolobium | I31: ='1. Information samples'!I21 -> triangulare | J31: ='1. Information samples'!J21 -> Dendrolobium triangulare | ... O31: ='1. Information samples'!O21 -> OT-010 (2025) | P31: 93.172731 | Q31: =AVERAGE(P31:P32) -> 93.526671 | R31: 7.5028791 | S31: =AVERAGE(R31:R32) -> 7.4986589 | T31: 92.497121 | U31: =AVERAGE(T31:T32) -> 92.501341
B32: =B31+1 -> 22 | C32: =C31 -> 46041 | D32: =D31 -> Genbank | E32: =E31 -> 27 | F32: =F31 -> F251738 | G32: =G31 -> CIAT-23413 | H32: =H31 -> Dendrolobium | I32: =I31 -> triangulare | J32: =J31 -> Dendrolobium triangulare | ... O32: =O31 -> OT-010 (2025) | P32: 93.880612 | R32: 7.4944387 | T32: 92.505561
B33: =B32+1 -> 23 | C33: ='1. Information samples'!C22 -> 46041 | D33: ='1. Information samples'!D22 -> Genbank | E33: ='1. Information samples'!E22 -> 27 | F33: ='1. Information samples'!F22 -> F251739 | G33: ='1. Information samples'!G22 -> CIAT-23419 | H33: ='1. Information samples'!H22 -> Dendrolobium | I33: ='1. Information samples'!I22 -> triangulare | J33: ='1. Information samples'!J22 -> Dendrolobium triangulare | ... O33: ='1. Information samples'!O22 -> OT-010 (2025) | P33: 93.813093 | Q33: =AVERAGE(P33:P34) -> 93.957431 | R33: 7.2230654 | S33: =AVERAGE(R33:R34) -> 7.2025076 | T33: 92.776935 | U33: =AVERAGE(T33:T34) -> 92.797492
B34: =B33+1 -> 24 | C34: =C33 -> 46041 | D34: =D33 -> Genbank | E34: =E33 -> 27 | F34: =F33 -> F251739 | G34: =G33 -> CIAT-23419 | H34: =H33 -> Dendrolobium | I34: =I33 -> triangulare | J34: =J33 -> Dendrolobium triangulare | ... O34: =O33 -> OT-010 (2025) | P34: 94.101769 | R34: 7.1819498 | T34: 92.81805
B35: =B34+1 -> 25 | C35: ='1. Information samples'!C23 -> 46041 | D35: ='1. Information samples'!D23 -> Genbank | E35: ='1. Information samples'!E23 -> 27 | F35: ='1. Information samples'!F23 -> F251740 | G35: ='1. Information samples'!G23 -> CIAT-23422 | H35: ='1. Information samples'!H23 -> Dendrolobium | I35: ='1. Information samples'!I23 -> triangulare | J35: ='1. Information samples'!J23 -> Dendrolobium triangulare | ... O35: ='1. Information samples'!O23 -> OT-010 (2025) | P35: 91.793283 | Q35: =AVERAGE(P35:P36) -> 91.857449 | R35: 7.0842344 | S35: =AVERAGE(R35:R36) -> 7.0631742 | T35: 92.915766 | U35: =AVERAGE(T35:T36) -> 92.936826
B36: =B35+1 -> 26 | C36: =C35 -> 46041 | D36: =D35 -> Genbank | E36: =E35 -> 27 | F36: =F35 -> F251740 | G36: =G35 -> CIAT-23422 | H36: =H35 -> Dendrolobium | I36: =I35 -> triangulare | J36: =J35 -> Dendrolobium triangulare | ... O36: =O35 -> OT-010 (2025) | P36: 91.921616 | R36: 7.042114 | T36: 92.957886
B37: =B36+1 -> 27 | C37: ='1. Information samples'!C24 -> 46041 | D37: ='1. Information samples'!D24 -> Genbank | E37: ='1. Information samples'!E24 -> 27 | F37: ='1. Information samples'!F24 -> F251741 | G37: ='1. Information samples'!G24 -> CIAT-23734 | H37: ='1. Information samples'!H24 -> Dendrolobium | I37: ='1. Information samples'!I24 -> triangulare | J37: ='1. Information samples'!J24 -> Dendrolobium triangulare | ... O37: ='1. Information samples'!O24 -> OT-010 (2025) | P37: 94.630537 | Q37: =AVERAGE(P37:P38) -> 94.71105 | R37: 7.8441292 | S37: =AVERAGE(R37:R38) -> 7.8591779 | T37: 92.155871 | U37: =AVERAGE(T37:T38) -> 92.140822
B38: =B37+1 -> 28 | C38: =C37 -> 46041 | D38: =D37 -> Genbank | E38: =E37 -> 27 | F38: =F37 -> F251741 | G38: =G37 -> CIAT-23734 | H38: =H37 -> Dendrolobium | I38: =I37 -> triangulare | J38: =J37 -> Dendrolobium triangulare | ... O38: =O37 -> OT-010 (2025) | P38: 94.791563 | R38: 7.8742266 | T38: 92.125773
B39: =B38+1 -> 29 | C39: ='1. Information samples'!C25 -> 46041 | D39: ='1. Information samples'!D25 -> Genbank | E39: ='1. Information samples'!E25 -> 27 | F39: ='1. Information samples'!F25 -> F251742 | G39: ='1. Information samples'!G25 -> CIAT-23932 | H39: ='1. Information samples'!H25 -> Dendrolobium | I39: ='1. Information samples'!I25 -> triangulare | J39: ='1. Information samples'!J25 -> Dendrolobium triangulare | ... O39: ='1. Information samples'!O25 -> OT-010 (2025) | P39: 95.121951 | Q39: =AVERAGE(P39:P40) -> 95.121951 | R39: 7.2929802 | S39: =AVERAGE(R39:R40) -> 7.2929802 | T39: 92.70702 | U39: =AVERAGE(T39:T40) -> 92.70702
B40: =B39+1 -> 30 | C40: =C39 -> 46041 | D40: =D39 -> Genbank | E40: =E39 -> 27 | F40: =F39 -> F251742 | G40: =G39 -> CIAT-23932 | H40: =H39 -> Dendrolobium | I40: =I39 -> triangulare | J40: =J39 -> Dendrolobium triangulare | ... O40: =O39 -> OT-010 (2025) | P40: 95.121951 | R40: 7.2929802 | T40: 92.70702
B41: =B40+1 -> 31 | C41: ='1. Information samples'!C26 -> 46041 | D41: ='1. Information samples'!D26 -> Genbank | E41: ='1. Information samples'!E26 -> 27 | F41: ='1. Information samples'!F26 -> F251743 | G41: ='1. Information samples'!G26 -> CIAT-23933 | H41: ='1. Information samples'!H26 -> Dendrolobium | I41: ='1. Information samples'!I26 -> triangulare | J41: ='1. Information samples'!J26 -> Dendrolobium triangulare | ... O41: ='1. Information samples'!O26 -> OT-010 (2025) | P41: 93.640636 | Q41: =AVERAGE(P41:P42) -> 93.721248 | R41: 7.3295152 | S41: =AVERAGE(R41:R42) -> 7.3714494 | T41: 92.670485 | U41: =AVERAGE(T41:T42) -> 92.628551
B42: =B41+1 -> 32 | C42: =C41 -> 46041 | D42: =D41 -> Genbank | E42: =E41 -> 27 | F42: =F41 -> F251743 | G42: =G41 -> CIAT-23933 | H42: =H41 -> Dendrolobium | I42: =I41 -> triangulare | J42: =J41 -> Dendrolobium triangulare | ... O42: =O41 -> OT-010 (2025) | P42: 93.801859 | R42: 7.4133836 | T42: 92.586616
B43: =B42+1 -> 33 | C43: ='1. Information samples'!C27 -> 46041 | D43: ='1. Information samples'!D27 -> Genbank | E43: ='1. Information samples'!E27 -> 27 | F43: ='1. Information samples'!F27 -> F251744 | G43: ='1. Information samples'!G27 -> CIAT-23934 | H43: ='1. Information samples'!H27 -> Dendrolobium | I43: ='1. Information samples'!I27 -> triangulare | J43: ='1. Information samples'!J27 -> Dendrolobium triangulare | ... O43: ='1. Information samples'!O27 -> OT-010 (2025) | P43: 94.13352 | Q43: =AVERAGE(P43:P44) -> 94.17176 | R43: 8.1610334 | S43: =AVERAGE(R43:R44) -> 8.1953384 | T43: 91.838967 | U43: =AVERAGE(T43:T44) -> 91.804662
B44: =B43+1 -> 34 | C44: =C43 -> 46041 | D44: =D43 -> Genbank | E44: =E43 -> 27 | F44: =F43 -> F251744 | G44: =G43 -> CIAT-23934 | H44: =H43 -> Dendrolobium | I44: =I43 -> triangulare | J44: =J43 -> Dendrolobium triangulare | ... O44: =O43 -> OT-010 (2025) | P44: 94.21 | R44: 8.2296434 | T44: 91.770357
B45: =B44+1 -> 35 | C45: ='1. Information samples'!C28 -> 46041 | D45: ='1. Information samples'!D28 -> Genbank | E45: ='1. Information samples'!E28 -> 27 | F45: ='1. Information samples'!F28 -> F251745 | G45: ='1. Information samples'!G28 -> CIAT-23936 | H45: ='1. Information samples'!H28 -> Dendrolobium | I45: ='1. Information samples'!I28 -> triangulare | J45: ='1. Information samples'!J28 -> Dendrolobium triangulare | ... O45: ='1. Information samples'!O28 -> OT-010 (2025) | P45: 94.063562 | Q45: =AVERAGE(P45:P46) -> 94.058565 | R45: 7.7458429 | S45: =AVERAGE(R45:R46) -> 7.7989693 | T45: 92.254157 | U45: =AVERAGE(T45:T46) -> 92.201031
B46: =B45+1 -> 36 | C46: =C45 -> 46041 | D46: =D45 -> Genbank | E46: =E45 -> 27 | F46: =F45 -> F251745 | G46: =G45 -> CIAT-23936 | H46: =H45 -> Dendrolobium | I46: =I45 -> triangulare | J46: =J45 -> Dendrolobium triangulare | ... O46: =O45 -> OT-010 (2025) | P46: 94.053568 | R46: 7.8520958 | T46: 92.147904
B47: =B46+1 -> 37 | C47: ='1. Information samples'!C29 -> 46041 | D47: ='1. Information samples'!D29 -> Genbank | E47: ='1. Information samples'!E29 -> 27 | F47: ='1. Information samples'!F29 -> F251746 | G47: ='1. Information samples'!G29 -> CIAT-33119 | H47: ='1. Information samples'!H29 -> Dendrolobium | I47: ='1. Information samples'!I29 -> triangulare | J47: ='1. Information samples'!J29 -> Dendrolobium triangulare | ... O47: ='1. Information samples'!O29 -> OT-010 (2025) | P47: 95.211437 | Q47: =AVERAGE(P47:P48) -> 95.287109 | R47: 7.4279477 | S47: =AVERAGE(R47:R48) -> 7.3953692 | T47: 92.572052 | U47: =AVERAGE(T47:T48) -> 92.604631
B48: =B47+1 -> 38 | C48: =C47 -> 46041 | D48: =D47 -> Genbank | E48: =E47 -> 27 | F48: =F47 -> F251746 | G48: =G47 -> CIAT-33119 | H48: =H47 -> Dendrolobium | I48: =I47 -> triangulare | J48: =J47 -> Dendrolobium triangulare | ... O48: =O47 -> OT-010 (2025) | P48: 95.362782 | R48: 7.3627908 | T48: 92.637209
B49: =B48+1 -> 39 | C49: ='1. Information samples'!C30 -> 46041 | D49: ='1. Information samples'!D30 -> Genbank | E49: ='1. Information samples'!E30 -> 27 | F49: ='1. Information samples'!F30 -> F251747 | G49: ='1. Information samples'!G30 -> CIAT-33383 | H49: ='1. Information samples'!H30 -> Dendrolobium | I49: ='1. Information samples'!I30 -> sp. | J49: ='1. Information samples'!J30 -> Dendrolobium sp. | ... O49: ='1. Information samples'!O30 -> OT-010 (2025) | P49: 94.55 | Q49: =AVERAGE(P49:P50) -> 94.671562 | R49: 9.5699277 | S49: =AVERAGE(R49:R50) -> 9.8045797 | T49: 90.430072 | U49: =AVERAGE(T49:T50) -> 90.19542
B50: =B49+1 -> 40 | C50: =C49 -> 46041 | D50: =D49 -> Genbank | E50: =E49 -> 27 | F50: =F49 -> F251747 | G50: =G49 -> CIAT-33383 | H50: =H49 -> Dendrolobium | I50: =I49 -> sp. | J50: =J49 -> Dendrolobium sp. | ... O50: =O49 -> OT-010 (2025) | P50: 94.793124 | R50: 10.039232 | T50: 89.960768
B51: =B50+1 -> 41 | C51: ='1. Information samples'!C31 -> 46041 | D51: ='1. Information samples'!D31 -> Genbank | E51: ='1. Information samples'!E31 -> 27 | F51: ='1. Information samples'!F31 -> F251748 | G51: ='1. Information samples'!G31 -> CIAT-33402 | H51: ='1. Information samples'!H31 -> Dendrolobium | I51: ='1. Information samples'!I31 -> triangulare | J51: ='1. Information samples'!J31 -> Dendrolobium triangulare | ... O51: ='1. Information samples'!O31 -> OT-010 (2025) | P51: 94.58325 | Q51: =AVERAGE(P51:P52) -> 94.631891 | R51: 6.9068453 | S51: =AVERAGE(R51:R52) -> 6.9085719 | T51: 93.093155 | U51: =AVERAGE(T51:T52) -> 93.091428
B52: =B51+1 -> 42 | C52: =C51 -> 46041 | D52: =D51 -> Genbank | E52: =E51 -> 27 | F52: =F51 -> F251748 | G52: =G51 -> CIAT-33402 | H52: =H51 -> Dendrolobium | I52: =I51 -> triangulare | J52: =J51 -> Dendrolobium triangulare | ... O52: =O51 -> OT-010 (2025) | P52: 94.680532 | R52: 6.9102984 | T52: 93.089702
B53: =B52+1 -> 43 | C53: ='1. Information samples'!C32 -> 46041 | D53: ='1. Information samples'!D32 -> Genbank | E53: ='1. Information samples'!E32 -> 27 | F53: ='1. Information samples'!F32 -> F251749 | G53: ='1. Information samples'!G32 -> CIAT-33508 | H53: ='1. Information samples'!H32 -> Dendrolobium | I53: ='1. Information samples'!I32 -> umbellatum | J53: ='1. Information samples'!J32 -> Dendrolobium umbellatum | ... O53: ='1. Information samples'!O32 -> OT-010 (2025) | P53: 93.710629 | Q53: =AVERAGE(P53:P54) -> 93.746247 | R53: 8.660814 | S53: =AVERAGE(R53:R54) -> 8.6652801 | T53: 91.339186 | U53: =AVERAGE(T53:T54) -> 91.33472
B54: =B53+1 -> 44 | C54: =C53 -> 46041 | D54: =D53 -> Genbank | E54: =E53 -> 27 | F54: =F53 -> F251749 | G54: =G53 -> CIAT-33508 | H54: =H53 -> Dendrolobium | I54: =I53 -> umbellatum | J54: =J53 -> Dendrolobium umbellatum | ... O54: =O53 -> OT-010 (2025) | P54: 93.781865 | R54: 8.6697462 | T54: 91.330254
B55: =B54+1 -> 45 | C55: ='1. Information samples'!C33 -> 46041 | D55: ='1. Information samples'!D33 -> Genbank | E55: ='1. Information samples'!E33 -> 27 | F55: ='1. Information samples'!F33 -> F251750 | G55: ='1. Information samples'!G33 -> CIAT-33515 | H55: ='1. Information samples'!H33 -> Dendrolobium | I55: ='1. Information samples'!I33 -> triangulare | J55: ='1. Information samples'!J33 -> Dendrolobium triangulare | ... O55: ='1. Information samples'!O33 -> OT-010 (2025) | P55: 93.401979 | Q55: =AVERAGE(P55:P56) -> 93.41099 | R55: 8.2299671 | S55: =AVERAGE(R55:R56) -> 11.110948 | T55: 91.770033 | U55: =AVERAGE(T55:T56) -> 88.889052
B56: =B55+1 -> 46 | C56: =C55 -> 46041 | D56: =D55 -> Genbank | E56: =E55 -> 27 | F56: =F55 -> F251750 | G56: =G55 -> CIAT-33515 | H56: =H55 -> Dendrolobium | I56: =I55 -> triangulare | J56: =J55 -> Dendrolobium triangulare | ... O56: =O55 -> OT-010 (2025) | P56: 93.42 | R56: 13.99193 | T56: 86.00807
B57: =B56+1 -> 47 | C57: ='1. Information samples'!C34 -> 46041 | D57: ='1. Information samples'!D34 -> Genbank | E57: ='1. Information samples'!E34 -> 27 | F57: ='1. Information samples'!F34 -> F251751 | G57: ='1. Information samples'!G34 -> CIAT-7353 | H57: ='1. Information samples'!H34 -> Prosopis | I57: ='1. Information samples'!I34 -> juliflora | J57: ='1. Information samples'!J34 -> Prosopis juliflora | ... O57: ='1. Information samples'!O34 -> OT-010 (2025) | P57: 94.572171 | Q57: =AVERAGE(P57:P58) -> 94.626617 | R57: 9.8452991 | S57: =AVERAGE(R57:R58) -> 9.418371 | T57: 90.154701 | U57: =AVERAGE(T57:T58) -> 90.581629
B58: =B57+1 -> 48 | C58: =C57 -> 46041 | D58: =D57 -> Genbank | E58: =E57 -> 27 | F58: =F57 -> F251751 | G58: =G57 -> CIAT-7353 | H58: =H57 -> Prosopis | I58: =I57 -> juliflora | J58: =J57 -> Prosopis juliflora | ... O58: =O57 -> OT-010 (2025) | P58: 94.681064 | R58: 8.991443 | T58: 91.008557
B59: =B58+1 -> 49 | C59: ='1. Information samples'!C35 -> 46041 | D59: ='1. Information samples'!D35 -> Genbank | E59: ='1. Information samples'!E35 -> 27 | F59: ='1. Information samples'!F35 -> F251752 | G59: ='1. Information samples'!G35 -> CIAT-7976 | H59: ='1. Information samples'!H35 -> Cassia | I59: ='1. Information samples'!I35 -> sp. | J59: ='1. Information samples'!J35 -> Cassia sp. | ... O59: ='1. Information samples'!O35 -> OT-010 (2025) | P59: 93.401979 | Q59: =AVERAGE(P59:P60) -> 93.417631 | R59: 8.0581594 | S59: =AVERAGE(R59:R60) -> 12.053531 | T59: 91.941841 | U59: =AVERAGE(T59:T60) -> 87.946469
B60: =B59+1 -> 50 | C60: =C59 -> 46041 | D60: =D59 -> Genbank | E60: =E59 -> 27 | F60: =F59 -> F251752 | G60: =G59 -> CIAT-7976 | H60: =H59 -> Cassia | I60: =I59 -> sp. | J60: =J59 -> Cassia sp. | ... O60: =O59 -> OT-010 (2025) | P60: 93.433283 | R60: 16.048902 | T60: 83.951098
B61: =B60+1 -> 51 | C61: ='1. Information samples'!C36 -> 46041 | D61: ='1. Information samples'!D36 -> Genbank | E61: ='1. Information samples'!E36 -> 27 | F61: ='1. Information samples'!F36 -> F251753 | G61: ='1. Information samples'!G36 -> CIAT-8018 | H61: ='1. Information samples'!H36 -> Acacia | I61: ='1. Information samples'!I36 -> aroma | J61: ='1. Information samples'!J36 -> Acacia aroma | ... O61: ='1. Information samples'!O36 -> OT-010 (2025) | P61: 93.76 | Q61: =AVERAGE(P61:P62) -> 93.795617 | R61: 17.698055 | S61: =AVERAGE(R61:R62) -> 18.112 | T61: 82.301945 | U61: =AVERAGE(T61:T62) -> 81.888
B62: =B61+1 -> 52 | C62: =C61 -> 46041 | D62: =D61 -> Genbank | E62: =E61 -> 27 | F62: =F61 -> F251753 | G62: =G61 -> CIAT-8018 | H62: =H61 -> Acacia | I62: =I61 -> aroma | J62: =J61 -> Acacia aroma | ... O62: =O61 -> OT-010 (2025) | P62: 93.831234 | R62: 18.525945 | T62: 81.474055
B63: =B62+1 -> 53 | C63: ='1. Information samples'!C37 -> 46041 | D63: ='1. Information samples'!D37 -> Genbank | E63: ='1. Information samples'!E37 -> 27 | F63: ='1. Information samples'!F37 -> F251754 | G63: ='1. Information samples'!G37 -> CIAT-9990 | H63: ='1. Information samples'!H37 -> Prosopis | I63: ='1. Information samples'!I37 -> juliflora | J63: ='1. Information samples'!J37 -> Prosopis juliflora | ... O63: ='1. Information samples'!O37 -> OT-010 (2025) | P63: 92.964221 | Q63: =AVERAGE(P63:P64) -> 92.974215 | R63: 10.147264 | S63: =AVERAGE(R63:R64) -> 12.383102 | T63: 89.852736 | U63: =AVERAGE(T63:T64) -> 87.616898
B64: =B63+1 -> 54 | C64: =C63 -> 46041 | D64: =D63 -> Genbank | E64: =E63 -> 27 | F64: =F63 -> F251754 | G64: =G63 -> CIAT-9990 | H64: =H63 -> Prosopis | I64: =I63 -> juliflora | J64: =J63 -> Prosopis juliflora | ... O64: =O63 -> OT-010 (2025) | P64: 92.984209 | R64: 14.61894 | T64: 85.38106
B65: =B64+1 -> 55 | C65: ='1. Information samples'!C38 -> 46041 | D65: ='1. Information samples'!D38 -> Genbank | E65: ='1. Information samples'!E38 -> 27 | F65: ='1. Information samples'!F38 -> F251755 | G65: ='1. Information samples'!G38 -> CIAT-13258 | H65: ='1. Information samples'!H38 -> Dendrolobium | I65: ='1. Information samples'!I38 -> lanceolatum | J65: ='1. Information samples'!J38 -> Dendrolobium lanceolatum | ... O65: ='1. Information samples'!O38 -> OT-010 (2025) | P65: 94.552179 | Q65: =AVERAGE(P65:P66) -> 94.597429 | R65: 14.888741 | S65: =AVERAGE(R65:R66) -> 14.866865 | T65: 85.111259 | U65: =AVERAGE(T65:T66) -> 85.133135
B66: =B65+1 -> 56 | C66: =C65 -> 46041 | D66: =D65 -> Genbank | E66: =E65 -> 27 | F66: =F65 -> F251755 | G66: =G65 -> CIAT-13258 | H66: =H65 -> Dendrolobium | I66: =I65 -> lanceolatum | J66: =J65 -> Dendrolobium lanceolatum | ... O66: =O65 -> OT-010 (2025) | P66: 94.642679 | R66: 14.84499 | T66: 85.15501
B67: =B66+1 -> 57 | C67: ='1. Information samples'!C39 -> 46041 | D67: ='1. Information samples'!D39 -> Genbank | E67: ='1. Information samples'!E39 -> 27 | F67: ='1. Information samples'!F39 -> F251756 | G67: ='1. Information samples'!G39 -> CIAT-13260 | H67: ='1. Information samples'!H39 -> Dendrolobium | I67: ='1. Information samples'!I39 -> lanceolatum | J67: ='1. Information samples'!J39 -> Dendrolobium lanceolatum | ... O67: ='1. Information samples'!O39 -> OT-010 (2025) | P67: 94.041192 | Q67: =AVERAGE(P67:P68) -> 94.076479 | R67: 9.3522211 | S67: =AVERAGE(R67:R68) -> 12.082754 | T67: 90.647779 | U67: =AVERAGE(T67:T68) -> 87.917246
B68: =B67+1 -> 58 | C68: =C67 -> 46041 | D68: =D67 -> Genbank | E68: =E67 -> 27 | F68: =F67 -> F251756 | G68: =G67 -> CIAT-13260 | H68: =H67 -> Dendrolobium | I68: =I67 -> lanceolatum | J68: =J67 -> Dendrolobium lanceolatum | ... O68: =O67 -> OT-010 (2025) | P68: 94.111766 | R68: 14.813287 | T68: 85.186713
B69: =B68+1 -> 59 | C69: ='1. Information samples'!C40 -> 46041 | D69: ='1. Information samples'!D40 -> Genbank | E69: ='1. Information samples'!E40 -> 27 | F69: ='1. Information samples'!F40 -> F251757 | G69: ='1. Information samples'!G40 -> CIAT-17263 | H69: ='1. Information samples'!H40 -> Leucaena | I69: ='1. Information samples'!I40 -> leucocephala | J69: ='1. Information samples'!J40 -> Leucaena leucocephala | ... O69: ='1. Information samples'!O40 -> OT-010 (2025) | P69: 94.413352 | Q69: =AVERAGE(P69:P70) -> 94.471676 | R69: 15.423943 | S69: =AVERAGE(R69:R70) -> 13.81433 | T69: 84.576057 | U69: =AVERAGE(T69:T70) -> 86.18567
B70: =B69+1 -> 60 | C70: =C69 -> 46041 | D70: =D69 -> Genbank | E70: =E69 -> 27 | F70: =F69 -> F251757 | G70: =G69 -> CIAT-17263 | H70: =H69 -> Leucaena | I70: =I69 -> leucocephala | J70: =J69 -> Leucaena leucocephala | ... O70: =O69 -> OT-010 (2025) | P70: 94.53 | R70: 12.204716 | T70: 87.795284
B71: =B70+1 -> 61 | C71: ='1. Information samples'!C41 -> 46041 | D71: ='1. Information samples'!D41 -> Isabel Molina | E71: ='1. Information samples'!E41 -> 27 | F71: ='1. Information samples'!F41 -> F252640 | G71: ='1. Information samples'!G41 -> Cayman Br02_1752 | H71: ='1. Information samples'!H41 -> Urochloa | I71: ='1. Information samples'!I41 -> interespecifico | J71: ='1. Information samples'!J41 -> Urochloa interespecifico | ... O71: ='1. Information samples'!O41 -> OT-034 (2025) | P71: 97.010897 | Q71: =AVERAGE(P71:P72) -> 97.00105 | R71: 9.625874 | S71: =AVERAGE(T71:T72) -> 90.348845 | T71: 90.374126 | U71: =AVERAGE(T71:T72) -> 90.348845
B72: =B71+1 -> 62 | C72: =C71 -> 46041 | D72: =D71 -> Isabel Molina | E72: =E71 -> 27 | F72: =F71 -> F252640 | G72: =G71 -> Cayman Br02_1752 | H72: =H71 -> Urochloa | I72: =I71 -> interespecifico | J72: =J71 -> Urochloa interespecifico | ... O72: =O71 -> OT-034 (2025) | P72: 96.991204 | R72: 9.676437 | T72: 90.323563
B73: =B72+1 -> 63 | C73: ='1. Information samples'!C42 -> 46041 | D73: ='1. Information samples'!D42 -> Mauricio Sotelo | E73: ='1. Information samples'!E42 -> 27 | F73: ='1. Information samples'!F42 -> F252641 | G73: ='1. Information samples'!G42 -> N/A | H73: ='1. Information samples'!H42 -> Gliricidia | I73: ='1. Information samples'!I42 -> sepium | J73: ='1. Information samples'!J42 -> Gliricidia sepium | ... O73: ='1. Information samples'!O42 -> OT-035 (2025) | P73: 93.532587 | Q73: =AVERAGE(P73:P74) -> 93.497274 | R73: 9.4296582 | S73: =AVERAGE(R73:R74) -> 9.408745 | T73: 90.570342 | U73: =AVERAGE(T73:T74) -> 90.591255
B74: =B73+1 -> 64 | C74: =C73 -> 46041 | D74: =D73 -> Mauricio Sotelo | E74: =E73 -> 27 | F74: =F73 -> F252641 | G74: =G73 -> N/A | H74: =H73 -> Gliricidia | I74: =I73 -> sepium | J74: =J73 -> Gliricidia sepium | ... O74: =O73 -> OT-035 (2025) | P74: 93.461961 | R74: 9.3878317 | T74: 90.612168
B75: =B74+1 -> 65 | C75: ='1. Information samples'!C43 -> 46041 | D75: ='1. Information samples'!D43 -> Jacobo Arango/Alejandro Montoya | E75: ='1. Information samples'!E43 -> 27 | F75: ='1. Information samples'!F43 -> F250008 | G75: ='1. Information samples'!G43 -> Sample 8 | H75: ='1. Information samples'!H43 -> Cynodon | I75: ='1. Information samples'!I43 -> nlemfuensis | J75: ='1. Information samples'!J43 -> Cynodon nlemfuensis | ... O75: ='1. Information samples'!O43 -> OT-002 | P75: 93.3 | Q75: =AVERAGE(P75:P76) -> 93.55 | R75: 11.3 | S75: =AVERAGE(R75:R76) -> 11.4 | T75: 88.7 | U75: =AVERAGE(T75:T76) -> 88.6
B76: =B75+1 -> 66 | C76: =C75 -> 46041 | D76: =D75 -> Jacobo Arango/Alejandro Montoya | E76: =E75 -> 27 | F76: =F75 -> F250008 | G76: =G75 -> Sample 8 | H76: =H75 -> Cynodon | I76: =I75 -> nlemfuensis | J76: =J75 -> Cynodon nlemfuensis | ... O76: =O75 -> OT-002 | P76: 93.8 | R76: 11.5 | T76: 88.5
B77: =B76+1 -> 67 | C77: ='1. Information samples'!C44 -> 46048 | D77: ='1. Information samples'!D44 -> Genbank | E77: ='1. Information samples'!E44 -> 28 | F77: ='1. Information samples'!F44 -> F251758 | G77: ='1. Information samples'!G44 -> CIAT-17459 | H77: ='1. Information samples'!H44 -> Erythrina | I77: ='1. Information samples'!I44 -> berteroana | J77: ='1. Information samples'!J44 -> Erythrina berteroana | ... O77: ='1. Information samples'!O44 -> OT-010 | P77: 94.512195 | Q77: =AVERAGE(P77:P78) -> 94.587165 | R77: 10.821664 | S77: =AVERAGE(R77:R78) -> 11.8679 | T77: 89.178336 | U77: =AVERAGE(T77:T78) -> 88.1321
B78: =B77+1 -> 68 | C78: =C77 -> 46048 | D78: =D77 -> Genbank | E78: =E77 -> 28 | F78: =F77 -> F251758 | G78: =G77 -> CIAT-17459 | H78: =H77 -> Erythrina | I78: =I77 -> berteroana | J78: =J77 -> Erythrina berteroana | ... O78: =O77 -> OT-010 | P78: 94.662135 | R78: 12.914135 | T78: 87.085865
B79: =B78+1 -> 69 | C79: ='1. Information samples'!C45 -> 46048 | D79: ='1. Information samples'!D45 -> Genbank | E79: ='1. Information samples'!E45 -> 28 | F79: ='1. Information samples'!F45 -> F251759 | G79: ='1. Information samples'!G45 -> CIAT-17482 | H79: ='1. Information samples'!H45 -> Leucaena | I79: ='1. Information samples'!I45 -> leucocephala | J79: ='1. Information samples'!J45 -> Leucaena leucocephala | ... O79: ='1. Information samples'!O45 -> OT-010 | P79: 92.621476 | Q79: =AVERAGE(P79:P80) -> 92.661833 | R79: 14.781988 | S79: =AVERAGE(R79:R80) -> 14.23642 | T79: 85.218012 | U79: =AVERAGE(T79:T80) -> 85.76358
B80: =B79+1 -> 70 | C80: =C79 -> 46048 | D80: =D79 -> Genbank | E80: =E79 -> 28 | F80: =F79 -> F251759 | G80: =G79 -> CIAT-17482 | H80: =H79 -> Leucaena | I80: =I79 -> leucocephala | J80: =J79 -> Leucaena leucocephala | ... O80: =O79 -> OT-010 | P80: 92.702189 | R80: 13.690852 | T80: 86.309148
B81: =B80+1 -> 71 | C81: ='1. Information samples'!C46 -> 46048 | D81: ='1. Information samples'!D46 -> Genbank | E81: ='1. Information samples'!E46 -> 28 | F81: ='1. Information samples'!F46 -> F251760 | G81: ='1. Information samples'!G46 -> CIAT-17502 | H81: ='1. Information samples'!H46 -> Leucaena | I81: ='1. Information samples'!I46 -> leucocephala | J81: ='1. Information samples'!J46 -> Leucaena leucocephala | ... O81: ='1. Information samples'!O46 -> OT-010 | P81: 94.221156 | Q81: =AVERAGE(P81:P82) -> 94.260863 | R81: 11.158286 | S81: =AVERAGE(R81:R82) -> 12.956865 | T81: 88.841714 | U81: =AVERAGE(T81:T82) -> 87.043135
B82: =B81+1 -> 72 | C82: =C81 -> 46048 | D82: =D81 -> Genbank | E82: =E81 -> 28 | F82: =F81 -> F251760 | G82: =G81 -> CIAT-17502 | H82: =H81 -> Leucaena | I82: =I81 -> leucocephala | J82: =J81 -> Leucaena leucocephala | ... O82: =O81 -> OT-010 | P82: 94.30057 | R82: 14.755444 | T82: 85.244556
B83: =B82+1 -> 73 | C83: ='1. Information samples'!C47 -> 46048 | D83: ='1. Information samples'!D47 -> Genbank | E83: ='1. Information samples'!E47 -> 28 | F83: ='1. Information samples'!F47 -> F251761 | G83: ='1. Information samples'!G47 -> CIAT-19384 | H83: ='1. Information samples'!H47 -> Prosopis | I83: ='1. Information samples'!I47 -> juliflora | J83: ='1. Information samples'!J47 -> Prosopis juliflora | ... O83: ='1. Information samples'!O47 -> OT-010 | P83: 93.313343 | Q83: =AVERAGE(P83:P84) -> 93.387652 | R83: 11.912108 | S83: =AVERAGE(R83:R84) -> 10.334334 | T83: 88.087892 | U83: =AVERAGE(T83:T84) -> 89.665666
B84: =B83+1 -> 74 | C84: =C83 -> 46048 | D84: =D83 -> Genbank | E84: =E83 -> 28 | F84: =F83 -> F251761 | G84: =G83 -> CIAT-19384 | H84: =H83 -> Prosopis | I84: =I83 -> juliflora | J84: =J83 -> Prosopis juliflora | ... O84: =O83 -> OT-010 | P84: 93.461961 | R84: 8.756561 | T84: 91.243439
B85: =B84+1 -> 75 | C85: ='1. Information samples'!C48 -> 46048 | D85: ='1. Information samples'!D48 -> Genbank | E85: ='1. Information samples'!E48 -> 28 | F85: ='1. Information samples'!F48 -> F251762 | G85: ='1. Information samples'!G48 -> CIAT-19571 | H85: ='1. Information samples'!H48 -> Senna | I85: ='1. Information samples'!I48 -> cobanensis | J85: ='1. Information samples'!J48 -> Senna cobanensis | ... O85: ='1. Information samples'!O48 -> OT-010 | P85: 93.154108 | Q85: =AVERAGE(P85:P86) -> 93.207391 | R85: 6.1117278 | S85: =AVERAGE(R85:R86) -> 6.0810726 | T85: 93.888272 | U85: =AVERAGE(T85:T86) -> 93.918927
B86: =B85+1 -> 76 | C86: =C85 -> 46048 | D86: =D85 -> Genbank | E86: =E85 -> 28 | F86: =F85 -> F251762 | G86: =G85 -> CIAT-19571 | H86: =H85 -> Senna | I86: =I85 -> cobanensis | J86: =J85 -> Senna cobanensis | ... O86: =O85 -> OT-010 | P86: 93.260674 | R86: 6.0504173 | T86: 93.949583
B87: =B86+1 -> 77 | C87: ='1. Information samples'!C49 -> 46048 | D87: ='1. Information samples'!D49 -> Genbank | E87: ='1. Information samples'!E49 -> 28 | F87: ='1. Information samples'!F49 -> F251763 | G87: ='1. Information samples'!G49 -> CIAT-20126 | H87: ='1. Information samples'!H49 -> Acacia | I87: ='1. Information samples'!I49 -> angustissima | J87: ='1. Information samples'!J49 -> Acacia angustissima | ... O87: ='1. Information samples'!O49 -> OT-010 | P87: 93.923038 | Q87: =AVERAGE(P87:P88) -> 93.972117 | R87: 5.7966943 | S87: =AVERAGE(R87:R88) -> 5.776285 | T87: 94.203306 | U87: =AVERAGE(T87:T88) -> 94.223715
B88: =B87+1 -> 78 | C88: =C87 -> 46048 | D88: =D87 -> Genbank | E88: =E87 -> 28 | F88: =F87 -> F251763 | G88: =G87 -> CIAT-20126 | H88: =H87 -> Acacia | I88: =I87 -> angustissima | J88: =J87 -> Acacia angustissima | ... O88: =O87 -> OT-010 | P88: 94.021196 | R88: 5.7558757 | T88: 94.244124
B89: =B88+1 -> 79 | C89: ='1. Information samples'!C50 -> 46048 | D89: ='1. Information samples'!D50 -> Genbank | E89: ='1. Information samples'!E50 -> 28 | F89: ='1. Information samples'!F50 -> F251764 | G89: ='1. Information samples'!G50 -> CIAT-20788 | H89: ='1. Information samples'!H50 -> Senna | I89: ='1. Information samples'!I50 -> pallida | J89: ='1. Information samples'!J50 -> Senna pallida | ... O89: ='1. Information samples'!O50 -> OT-010 | P89: 93.871838 | Q89: =AVERAGE(P89:P90) -> 93.916825 | R89: 9.7290968 | S89: =AVERAGE(R89:R90) -> 9.7450636 | T89: 90.270903 | U89: =AVERAGE(T89:T90) -> 90.254936
B90: =B89+1 -> 80 | C90: =C89 -> 46048 | D90: =D89 -> Genbank | E90: =E89 -> 28 | F90: =F89 -> F251764 | G90: =G89 -> CIAT-20788 | H90: =H89 -> Senna | I90: =I89 -> pallida | J90: =J89 -> Senna pallida | ... O90: =O89 -> OT-010 | P90: 93.961811 | R90: 9.7610304 | T90: 90.23897
B91: =B90+1 -> 81 | C91: ='1. Information samples'!C51 -> 46048 | D91: ='1. Information samples'!D51 -> Genbank | E91: ='1. Information samples'!E51 -> 28 | F91: ='1. Information samples'!F51 -> F251765 | G91: ='1. Information samples'!G51 -> CIAT-21242 | H91: ='1. Information samples'!H51 -> Leucaena | I91: ='1. Information samples'!I51 -> diversifolia | J91: ='1. Information samples'!J51 -> Leucaena diversifolia | ... O91: ='1. Information samples'!O51 -> OT-010 | P91: 93.13206 | Q91: =AVERAGE(P91:P92) -> 93.211366 | R91: 6.8426061 | S91: =AVERAGE(R91:R92) -> 6.875472 | T91: 93.157394 | U91: =AVERAGE(T91:T92) -> 93.124528
B92: =B91+1 -> 82 | C92: =C91 -> 46048 | D92: =D91 -> Genbank | E92: =E91 -> 28 | F92: =F91 -> F251765 | G92: =G91 -> CIAT-21242 | H92: =H91 -> Leucaena | I92: =I91 -> diversifolia | J92: =J91 -> Leucaena diversifolia | ... O92: =O91 -> OT-010 | P92: 93.290671 | R92: 6.9083379 | T92: 93.091662
B93: =B92+1 -> 83 | C93: ='1. Information samples'!C52 -> 46048 | D93: ='1. Information samples'!D52 -> Genbank | E93: ='1. Information samples'!E52 -> 28 | F93: ='1. Information samples'!F52 -> F251766 | G93: ='1. Information samples'!G52 -> CIAT-21512 | H93: ='1. Information samples'!H52 -> Calliandra | I93: ='1. Information samples'!I52 -> calothyrsus | J93: ='1. Information samples'!J52 -> Calliandra calothyrsus | ... O93: ='1. Information samples'!O52 -> OT-010 | P93: 92.393043 | Q93: =AVERAGE(P93:P94) -> 92.787885 | R93: 4.7939671 | S93: =AVERAGE(R93:R94) -> 4.7831942 | T93: 95.206033 | U93: =AVERAGE(T93:T94) -> 95.216806
B94: =B93+1 -> 84 | C94: =C93 -> 46048 | D94: =D93 -> Genbank | E94: =E93 -> 28 | F94: =F93 -> F251766 | G94: =G93 -> CIAT-21512 | H94: =H93 -> Calliandra | I94: =I93 -> calothyrsus | J94: =J93 -> Calliandra calothyrsus | ... O94: =O93 -> OT-010 | P94: 93.182727 | R94: 4.7724212 | T94: 95.227579
B95: =B94+1 -> 85 | C95: ='1. Information samples'!C53 -> 46048 | D95: ='1. Information samples'!D53 -> Genbank | E95: ='1. Information samples'!E53 -> 28 | F95: ='1. Information samples'!F53 -> F251767 | G95: ='1. Information samples'!G53 -> CIAT-21601 | H95: ='1. Information samples'!H53 -> Erythrina | I95: ='1. Information samples'!I53 -> fusca | J95: ='1. Information samples'!J53 -> Erythrina fusca | ... O95: ='1. Information samples'!O53 -> OT-010 | P95: 93.870613 | Q95: =AVERAGE(P95:P96) -> 93.236786 | R95: 7.1745621 | S95: =AVERAGE(R95:R96) -> 7.0448332 | T95: 92.825438 | U95: =AVERAGE(T95:T96) -> 92.955167
B96: =B95+1 -> 86 | C96: =C95 -> 46048 | D96: =D95 -> Genbank | E96: =E95 -> 28 | F96: =F95 -> F251767 | G96: =G95 -> CIAT-21601 | H96: =H95 -> Erythrina | I96: =I95 -> fusca | J96: =J95 -> Erythrina fusca | ... O96: =O95 -> OT-010 | P96: 92.602959 | R96: 6.9151043 | T96: 93.084896
B97: =B96+1 -> 87 | C97: ='1. Information samples'!C54 -> 46048 | D97: ='1. Information samples'!D54 -> Genbank | E97: ='1. Information samples'!E54 -> 28 | F97: ='1. Information samples'!F54 -> F251768 | G97: ='1. Information samples'!G54 -> CIAT-21809 | H97: ='1. Information samples'!H54 -> Acacia | I97: ='1. Information samples'!I54 -> farnesiana | J97: ='1. Information samples'!J54 -> Acacia farnesiana | ... O97: ='1. Information samples'!O54 -> OT-010 | P97: 94.571629 | Q97: =AVERAGE(P97:P98) -> 94.615814 | R97: 7.4278192 | S97: =AVERAGE(R97:R98) -> 7.4606406 | T97: 92.572181 | U97: =AVERAGE(T97:T98) -> 92.539359
B98: =B97+1 -> 88 | C98: =C97 -> 46048 | D98: =D97 -> Genbank | E98: =E97 -> 28 | F98: =F97 -> F251768 | G98: =G97 -> CIAT-21809 | H98: =H97 -> Acacia | I98: =I97 -> farnesiana | J98: =J97 -> Acacia farnesiana | ... O98: =O97 -> OT-010 | P98: 94.66 | R98: 7.4934619 | T98: 92.506538
B99: =B98+1 -> 89 | C99: ='1. Information samples'!C55 -> 46048 | D99: ='1. Information samples'!D55 -> Genbank | E99: ='1. Information samples'!E55 -> 28 | F99: ='1. Information samples'!F55 -> F251769 | G99: ='1. Information samples'!G55 -> CIAT-21810 | H99: ='1. Information samples'!H55 -> Acacia | I99: ='1. Information samples'!I55 -> angustissima | J99: ='1. Information samples'!J55 -> Acacia angustissima | ... O99: ='1. Information samples'!O55 -> OT-010 | P99: 94.740526 | Q99: =AVERAGE(P99:P100) -> 94.786813 | R99: 5.3905062 | S99: =AVERAGE(R99:R100) -> 5.3891594 | T99: 94.609494 | U99: =AVERAGE(T99:T100) -> 94.610841
B100: =B99+1 -> 90 | C100: =C99 -> 46048 | D100: =D99 -> Genbank | E100: =E99 -> 28 | F100: =F99 -> F251769 | G100: =G99 -> CIAT-21810 | H100: =H99 -> Acacia | I100: =I99 -> angustissima | J100: =J99 -> Acacia angustissima | ... O100: =O99 -> OT-010 | P100: 94.8331 | R100: 5.3878126 | T100: 94.612187
B101: =B100+1 -> 91 | C101: ='1. Information samples'!C56 -> 46048 | D101: ='1. Information samples'!D56 -> Genbank | E101: ='1. Information samples'!E56 -> 28 | F101: ='1. Information samples'!F56 -> F251770 | G101: ='1. Information samples'!G56 -> CIAT-21888 | H101: ='1. Information samples'!H56 -> Leucaena | I101: ='1. Information samples'!I56 -> leucocephala | J101: ='1. Information samples'!J56 -> Leucaena leucocephala | ... O101: ='1. Information samples'!O56 -> OT-010 | P101: 93.671898 | Q101: =AVERAGE(P101:P102) -> 93.707201 | R101: 9.057419 | S101: =AVERAGE(R101:R102) -> 9.1369708 | T101: 90.942581 | U101: =AVERAGE(T101:T102) -> 90.863029
B102: =B101+1 -> 92 | C102: =C101 -> 46048 | D102: =D101 -> Genbank | E102: =E101 -> 28 | F102: =F101 -> F251770 | G102: =G101 -> CIAT-21888 | H102: =H101 -> Leucaena | I102: =I101 -> leucocephala | J102: =J101 -> Leucaena leucocephala | ... O102: =O101 -> OT-010 | P102: 93.742503 | R102: 9.2165227 | T102: 90.783477
B103: =B102+1 -> 93 | C103: ='1. Information samples'!C57 -> 46048 | D103: ='1. Information samples'!D57 -> Genbank | E103: ='1. Information samples'!E57 -> 28 | F103: ='1. Information samples'!F57 -> F251771 | G103: ='1. Information samples'!G57 -> CIAT-22310 | H103: ='1. Information samples'!H57 -> Calliandra | I103: ='1. Information samples'!I57 -> calothyrsus | J103: ='1. Information samples'!J57 -> Calliandra calothyrsus | ... O103: ='1. Information samples'!O57 -> OT-010 | P103: 94.82 | Q103: =AVERAGE(P103:P104) -> 94.86051 | R103: 5.6504018 | S103: =AVERAGE(R103:R104) -> 5.713075 | T103: 94.349598 | U103: =AVERAGE(T103:T104) -> 94.286925
B104: =B103+1 -> 94 | C104: =C103 -> 46048 | D104: =D103 -> Genbank | E104: =E103 -> 28 | F104: =F103 -> F251771 | G104: =G103 -> CIAT-22310 | H104: =H103 -> Calliandra | I104: =I103 -> calothyrsus | J104: =J103 -> Calliandra calothyrsus | ... O104: =O103 -> OT-010 | P104: 94.90102 | R104: 5.7757482 | T104: 94.224252
B105: =B104+1 -> 95 | C105: ='1. Information samples'!C58 -> 46048 | D105: ='1. Information samples'!D58 -> Genbank | E105: ='1. Information samples'!E58 -> 28 | F105: ='1. Information samples'!F58 -> F251772 | G105: ='1. Information samples'!G58 -> CIAT-22311 | H105: ='1. Information samples'!H58 -> Calliandra | I105: ='1. Information samples'!I58 -> calothyrsus | J105: ='1. Information samples'!J58 -> Calliandra calothyrsus | ... O105: ='1. Information samples'!O58 -> OT-010 | P105: 93.803718 | Q105: =AVERAGE(P105:P106) -> 93.877161 | R105: 6.8772066 | S105: =AVERAGE(R105:R106) -> 6.9534838 | T105: 93.122793 | U105: =AVERAGE(T105:T106) -> 93.046516
B106: =B105+1 -> 96 | C106: =C105 -> 46048 | D106: =D105 -> Genbank | E106: =E105 -> 28 | F106: =F105 -> F251772 | G106: =G105 -> CIAT-22311 | H106: =H105 -> Calliandra | I106: =I105 -> calothyrsus | J106: =J105 -> Calliandra calothyrsus | ... O106: =O105 -> OT-010 | P106: 93.950605 | R106: 7.029761 | T106: 92.970239
B107: =B106+1 -> 97 | C107: ='1. Information samples'!C59 -> 46048 | D107: ='1. Information samples'!D59 -> Genbank | E107: ='1. Information samples'!E59 -> 28 | F107: ='1. Information samples'!F59 -> F251773 | G107: ='1. Information samples'!G59 -> CIAT-22316 | H107: ='1. Information samples'!H59 -> Calliandra | I107: ='1. Information samples'!I59 -> calothyrsus | J107: ='1. Information samples'!J59 -> Calliandra calothyrsus | ... O107: ='1. Information samples'!O59 -> OT-010 | P107: 95.540446 | Q107: =AVERAGE(P107:P108) -> 95.515899 | R107: 8.6678471 | S107: =AVERAGE(R107:R108) -> 8.6460479 | T107: 91.332153 | U107: =AVERAGE(T107:T108) -> 91.353952
B108: =B107+1 -> 98 | C108: =C107 -> 46048 | D108: =D107 -> Genbank | E108: =E107 -> 28 | F108: =F107 -> F251773 | G108: =G107 -> CIAT-22316 | H108: =H107 -> Calliandra | I108: =I107 -> calothyrsus | J108: =J107 -> Calliandra calothyrsus | ... O108: =O107 -> OT-010 | P108: 95.491353 | R108: 8.6242487 | T108: 91.375751
B109: =B108+1 -> 99 | C109: ='1. Information samples'!C60 -> 46048 | D109: ='1. Information samples'!D60 -> Genbank | E109: ='1. Information samples'!E60 -> 28 | F109: ='1. Information samples'!F60 -> F251774 | G109: ='1. Information samples'!G60 -> CIAT-23239 | H109: ='1. Information samples'!H60 -> Dendrolobium | I109: ='1. Information samples'!I60 -> triangulare | J109: ='1. Information samples'!J60 -> Dendrolobium triangulare | ... O109: ='1. Information samples'!O60 -> OT-010 | P109: 95.850415 | Q109: =AVERAGE(P109:P110) -> 95.855828 | R109: 7.573117 | S109: =AVERAGE(R109:R110) -> 7.5515016 | T109: 92.426883 | U109: =AVERAGE(T109:T110) -> 92.448498
...

Sheet 2.2 Protein
P4: PROTEIN
B10: No | C10: Date | D10: Requisitioner | E10: Set CIAT | F10: CIAT Lab-ID | G10: Gene bank /Breeding program ID | H10: Genus | I10: Species | J10: Tax Name | K10: Family | L10: Order | M10: Functional Group | N10: Batches CIAT | O10: ID LAB | P10: Replication | Q10: Av DM 105 | R10: Av PC, %
B11: ='2.1. DM'!B11 -> 1 | C11: ='2.1. DM'!C11 -> 46041 | D11: ='2.1. DM'!D11 -> Genbank | E11: ='2.1. DM'!E11 -> 27 | F11: ='2.1. DM'!F11 -> F251728 | G11: ='2.1. DM'!G11 -> CIAT-13262 | H11: ='2.1. DM'!H11 -> Dendrolobium | I11: ='2.1. DM'!I11 -> triangulare | ... O11: ='2.1. DM'!O11 -> OT-010 (2025) | Q11: 18.980951 | R11: =AVERAGE(Q11:Q12) -> 18.980951
B12: ='2.1. DM'!B12 -> 2 | C12: ='2.1. DM'!C12 -> 46041 | D12: ='2.1. DM'!D12 -> Genbank | E12: ='2.1. DM'!E12 -> 27 | F12: ='2.1. DM'!F12 -> F251728 | G12: ='2.1. DM'!G12 -> CIAT-13262 | H12: ='2.1. DM'!H12 -> Dendrolobium | I12: ='2.1. DM'!I12 -> triangulare | ... O12: ='2.1. DM'!O12 -> OT-010 (2025) | Q12: 18.980951
B13: ='2.1. DM'!B13 -> 3 | C13: ='2.1. DM'!C13 -> 46041 | D13: ='2.1. DM'!D13 -> Genbank | E13: ='2.1. DM'!E13 -> 27 | F13: ='2.1. DM'!F13 -> F251729 | G13: ='2.1. DM'!G13 -> CIAT-13528 | H13: ='2.1. DM'!H13 -> Dendrolobium | I13: ='2.1. DM'!I13 -> lanceolatum | ... O13: ='2.1. DM'!O13 -> OT-010 (2025) | Q13: 16.897002 | R13: =AVERAGE(Q13:Q14) -> 16.897002
B14: ='2.1. DM'!B14 -> 4 | C14: ='2.1. DM'!C14 -> 46041 | D14: ='2.1. DM'!D14 -> Genbank | E14: ='2.1. DM'!E14 -> 27 | F14: ='2.1. DM'!F14 -> F251729 | G14: ='2.1. DM'!G14 -> CIAT-13528 | H14: ='2.1. DM'!H14 -> Dendrolobium | I14: ='2.1. DM'!I14 -> lanceolatum | ... O14: ='2.1. DM'!O14 -> OT-010 (2025) | Q14: 16.897002
B15: ='2.1. DM'!B15 -> 5 | C15: ='2.1. DM'!C15 -> 46041 | D15: ='2.1. DM'!D15 -> Genbank | E15: ='2.1. DM'!E15 -> 27 | F15: ='2.1. DM'!F15 -> F251730 | G15: ='2.1. DM'!G15 -> CIAT-13529 | H15: ='2.1. DM'!H15 -> Dendrolobium | I15: ='2.1. DM'!I15 -> triangulare | ... O15: ='2.1. DM'!O15 -> OT-010 (2025) | Q15: 18.170976 | R15: =AVERAGE(Q15:Q16) -> 18.170976
B16: ='2.1. DM'!B16 -> 6 | C16: ='2.1. DM'!C16 -> 46041 | D16: ='2.1. DM'!D16 -> Genbank | E16: ='2.1. DM'!E16 -> 27 | F16: ='2.1. DM'!F16 -> F251730 | G16: ='2.1. DM'!G16 -> CIAT-13529 | H16: ='2.1. DM'!H16 -> Dendrolobium | I16: ='2.1. DM'!I16 -> triangulare | ... O16: ='2.1. DM'!O16 -> OT-010 (2025) | Q16: 18.170976
B17: ='2.1. DM'!B17 -> 7 | C17: ='2.1. DM'!C17 -> 46041 | D17: ='2.1. DM'!D17 -> Genbank | E17: ='2.1. DM'!E17 -> 27 | F17: ='2.1. DM'!F17 -> F251731 | G17: ='2.1. DM'!G17 -> CIAT-13710 | H17: ='2.1. DM'!H17 -> Dendrolobium | I17: ='2.1. DM'!I17 -> lanceolatum | ... O17: ='2.1. DM'!O17 -> OT-010 (2025) | Q17: 19.138188 | R17: =AVERAGE(Q17:Q18) -> 19.138188
B18: ='2.1. DM'!B18 -> 8 | C18: ='2.1. DM'!C18 -> 46041 | D18: ='2.1. DM'!D18 -> Genbank | E18: ='2.1. DM'!E18 -> 27 | F18: ='2.1. DM'!F18 -> F251731 | G18: ='2.1. DM'!G18 -> CIAT-13710 | H18: ='2.1. DM'!H18 -> Dendrolobium | I18: ='2.1. DM'!I18 -> lanceolatum | ... O18: ='2.1. DM'!O18 -> OT-010 (2025) | Q18: 19.138188
B19: ='2.1. DM'!B19 -> 9 | C19: ='2.1. DM'!C19 -> 46041 | D19: ='2.1. DM'!D19 -> Genbank | E19: ='2.1. DM'!E19 -> 27 | F19: ='2.1. DM'!F19 -> F251732 | G19: ='2.1. DM'!G19 -> CIAT-22004 | H19: ='2.1. DM'!H19 -> Dendrolobium | I19: ='2.1. DM'!I19 -> triangulare | ... O19: ='2.1. DM'!O19 -> OT-010 (2025) | Q19: 17.58228 | R19: =AVERAGE(Q19:Q20) -> 17.58228
B20: ='2.1. DM'!B20 -> 10 | C20: ='2.1. DM'!C20 -> 46041 | D20: ='2.1. DM'!D20 -> Genbank | E20: ='2.1. DM'!E20 -> 27 | F20: ='2.1. DM'!F20 -> F251732 | G20: ='2.1. DM'!G20 -> CIAT-22004 | H20: ='2.1. DM'!H20 -> Dendrolobium | I20: ='2.1. DM'!I20 -> triangulare | ... O20: ='2.1. DM'!O20 -> OT-010 (2025) | Q20: 17.58228
B21: ='2.1. DM'!B21 -> 11 | C21: ='2.1. DM'!C21 -> 46041 | D21: ='2.1. DM'!D21 -> Genbank | E21: ='2.1. DM'!E21 -> 27 | F21: ='2.1. DM'!F21 -> F251733 | G21: ='2.1. DM'!G21 -> CIAT-23104 | H21: ='2.1. DM'!H21 -> Dendrolobium | I21: ='2.1. DM'!I21 -> triangulare | ... O21: ='2.1. DM'!O21 -> OT-010 (2025) | Q21: 19.394716 | R21: =AVERAGE(Q21:Q22) -> 19.394716
B22: ='2.1. DM'!B22 -> 12 | C22: ='2.1. DM'!C22 -> 46041 | D22: ='2.1. DM'!D22 -> Genbank | E22: ='2.1. DM'!E22 -> 27 | F22: ='2.1. DM'!F22 -> F251733 | G22: ='2.1. DM'!G22 -> CIAT-23104 | H22: ='2.1. DM'!H22 -> Dendrolobium | I22: ='2.1. DM'!I22 -> triangulare | ... O22: ='2.1. DM'!O22 -> OT-010 (2025) | Q22: 19.394716
B23: ='2.1. DM'!B23 -> 13 | C23: ='2.1. DM'!C23 -> 46041 | D23: ='2.1. DM'!D23 -> Genbank | E23: ='2.1. DM'!E23 -> 27 | F23: ='2.1. DM'!F23 -> F251734 | G23: ='2.1. DM'!G23 -> CIAT-23106 | H23: ='2.1. DM'!H23 -> Dendrolobium | I23: ='2.1. DM'!I23 -> triangulare | ... O23: ='2.1. DM'!O23 -> OT-010 (2025) | Q23: 21.885309 | R23: =AVERAGE(Q23:Q24) -> 21.885309
B24: ='2.1. DM'!B24 -> 14 | C24: ='2.1. DM'!C24 -> 46041 | D24: ='2.1. DM'!D24 -> Genbank | E24: ='2.1. DM'!E24 -> 27 | F24: ='2.1. DM'!F24 -> F251734 | G24: ='2.1. DM'!G24 -> CIAT-23106 | H24: ='2.1. DM'!H24 -> Dendrolobium | I24: ='2.1. DM'!I24 -> triangulare | ... O24: ='2.1. DM'!O24 -> OT-010 (2025) | Q24: 21.885309
B25: ='2.1. DM'!B25 -> 15 | C25: ='2.1. DM'!C25 -> 46041 | D25: ='2.1. DM'!D25 -> Genbank | E25: ='2.1. DM'!E25 -> 27 | F25: ='2.1. DM'!F25 -> F251735 | G25: ='2.1. DM'!G25 -> CIAT-23107 | H25: ='2.1. DM'!H25 -> Dendrolobium | I25: ='2.1. DM'!I25 -> triangulare | ... O25: ='2.1. DM'!O25 -> OT-010 (2025) | Q25: 21.240817 | R25: =AVERAGE(Q25:Q26) -> 21.240817
B26: ='2.1. DM'!B26 -> 16 | C26: ='2.1. DM'!C26 -> 46041 | D26: ='2.1. DM'!D26 -> Genbank | E26: ='2.1. DM'!E26 -> 27 | F26: ='2.1. DM'!F26 -> F251735 | G26: ='2.1. DM'!G26 -> CIAT-23107 | H26: ='2.1. DM'!H26 -> Dendrolobium | I26: ='2.1. DM'!I26 -> triangulare | ... O26: ='2.1. DM'!O26 -> OT-010 (2025) | Q26: 21.240817
B27: ='2.1. DM'!B27 -> 17 | C27: ='2.1. DM'!C27 -> 46041 | D27: ='2.1. DM'!D27 -> Genbank | E27: ='2.1. DM'!E27 -> 27 | F27: ='2.1. DM'!F27 -> F251736 | G27: ='2.1. DM'!G27 -> CIAT-23108 | H27: ='2.1. DM'!H27 -> Dendrolobium | I27: ='2.1. DM'!I27 -> triangulare | ... O27: ='2.1. DM'!O27 -> OT-010 (2025) | Q27: 21.587331 | R27: =AVERAGE(Q27:Q28) -> 21.587331
B28: ='2.1. DM'!B28 -> 18 | C28: ='2.1. DM'!C28 -> 46041 | D28: ='2.1. DM'!D28 -> Genbank | E28: ='2.1. DM'!E28 -> 27 | F28: ='2.1. DM'!F28 -> F251736 | G28: ='2.1. DM'!G28 -> CIAT-23108 | H28: ='2.1. DM'!H28 -> Dendrolobium | I28: ='2.1. DM'!I28 -> triangulare | ... O28: ='2.1. DM'!O28 -> OT-010 (2025) | Q28: 21.587331
B29: ='2.1. DM'!B29 -> 19 | C29: ='2.1. DM'!C29 -> 46041 | D29: ='2.1. DM'!D29 -> Genbank | E29: ='2.1. DM'!E29 -> 27 | F29: ='2.1. DM'!F29 -> F251737 | G29: ='2.1. DM'!G29 -> CIAT-23412 | H29: ='2.1. DM'!H29 -> Dendrolobium | I29: ='2.1. DM'!I29 -> triangulare | ... O29: ='2.1. DM'!O29 -> OT-010 (2025) | Q29: 21.25981 | R29: =AVERAGE(Q29:Q30) -> 21.147143
B30: ='2.1. DM'!B30 -> 20 | C30: ='2.1. DM'!C30 -> 46041 | D30: ='2.1. DM'!D30 -> Genbank | E30: ='2.1. DM'!E30 -> 27 | F30: ='2.1. DM'!F30 -> F251737 | G30: ='2.1. DM'!G30 -> CIAT-23412 | H30: ='2.1. DM'!H30 -> Dendrolobium | I30: ='2.1. DM'!I30 -> triangulare | ... O30: ='2.1. DM'!O30 -> OT-010 (2025) | Q30: 21.034476
B31: ='2.1. DM'!B31 -> 21 | C31: ='2.1. DM'!C31 -> 46041 | D31: ='2.1. DM'!D31 -> Genbank | E31: ='2.1. DM'!E31 -> 27 | F31: ='2.1. DM'!F31 -> F251738 | G31: ='2.1. DM'!G31 -> CIAT-23413 | H31: ='2.1. DM'!H31 -> Dendrolobium | I31: ='2.1. DM'!I31 -> triangulare | ... O31: ='2.1. DM'!O31 -> OT-010 (2025) | Q31: 21.317526 | R31: =AVERAGE(Q31:Q32) -> 21.317526
B32: ='2.1. DM'!B32 -> 22 | C32: ='2.1. DM'!C32 -> 46041 | D32: ='2.1. DM'!D32 -> Genbank | E32: ='2.1. DM'!E32 -> 27 | F32: ='2.1. DM'!F32 -> F251738 | G32: ='2.1. DM'!G32 -> CIAT-23413 | H32: ='2.1. DM'!H32 -> Dendrolobium | I32: ='2.1. DM'!I32 -> triangulare | ... O32: ='2.1. DM'!O32 -> OT-010 (2025) | Q32: 21.317526
B33: ='2.1. DM'!B33 -> 23 | C33: ='2.1. DM'!C33 -> 46041 | D33: ='2.1. DM'!D33 -> Genbank | E33: ='2.1. DM'!E33 -> 27 | F33: ='2.1. DM'!F33 -> F251739 | G33: ='2.1. DM'!G33 -> CIAT-23419 | H33: ='2.1. DM'!H33 -> Dendrolobium | I33: ='2.1. DM'!I33 -> triangulare | ... O33: ='2.1. DM'!O33 -> OT-010 (2025) | Q33: 20.194918 | R33: =AVERAGE(Q33:Q34) -> 20.194918
B34: ='2.1. DM'!B34 -> 24 | C34: ='2.1. DM'!C34 -> 46041 | D34: ='2.1. DM'!D34 -> Genbank | E34: ='2.1. DM'!E34 -> 27 | F34: ='2.1. DM'!F34 -> F251739 | G34: ='2.1. DM'!G34 -> CIAT-23419 | H34: ='2.1. DM'!H34 -> Dendrolobium | I34: ='2.1. DM'!I34 -> triangulare | ... O34: ='2.1. DM'!O34 -> OT-010 (2025) | Q34: 20.194918
B35: ='2.1. DM'!B35 -> 25 | C35: ='2.1. DM'!C35 -> 46041 | D35: ='2.1. DM'!D35 -> Genbank | E35: ='2.1. DM'!E35 -> 27 | F35: ='2.1. DM'!F35 -> F251740 | G35: ='2.1. DM'!G35 -> CIAT-23422 | H35: ='2.1. DM'!H35 -> Dendrolobium | I35: ='2.1. DM'!I35 -> triangulare | ... O35: ='2.1. DM'!O35 -> OT-010 (2025) | Q35: 21.674954 | R35: =AVERAGE(Q35:Q36) -> 21.674954
B36: ='2.1. DM'!B36 -> 26 | C36: ='2.1. DM'!C36 -> 46041 | D36: ='2.1. DM'!D36 -> Genbank | E36: ='2.1. DM'!E36 -> 27 | F36: ='2.1. DM'!F36 -> F251740 | G36: ='2.1. DM'!G36 -> CIAT-23422 | H36: ='2.1. DM'!H36 -> Dendrolobium | I36: ='2.1. DM'!I36 -> triangulare | ... O36: ='2.1. DM'!O36 -> OT-010 (2025) | Q36: 21.674954
B37: ='2.1. DM'!B37 -> 27 | C37: ='2.1. DM'!C37 -> 46041 | D37: ='2.1. DM'!D37 -> Genbank | E37: ='2.1. DM'!E37 -> 27 | F37: ='2.1. DM'!F37 -> F251741 | G37: ='2.1. DM'!G37 -> CIAT-23734 | H37: ='2.1. DM'!H37 -> Dendrolobium | I37: ='2.1. DM'!I37 -> triangulare | ... O37: ='2.1. DM'!O37 -> OT-010 (2025) | Q37: 21.435014 | R37: =AVERAGE(Q37:Q38) -> 21.435014
B38: ='2.1. DM'!B38 -> 28 | C38: ='2.1. DM'!C38 -> 46041 | D38: ='2.1. DM'!D38 -> Genbank | E38: ='2.1. DM'!E38 -> 27 | F38: ='2.1. DM'!F38 -> F251741 | G38: ='2.1. DM'!G38 -> CIAT-23734 | H38: ='2.1. DM'!H38 -> Dendrolobium | I38: ='2.1. DM'!I38 -> triangulare | ... O38: ='2.1. DM'!O38 -> OT-010 (2025) | Q38: 21.435014
B39: ='2.1. DM'!B39 -> 29 | C39: ='2.1. DM'!C39 -> 46041 | D39: ='2.1. DM'!D39 -> Genbank | E39: ='2.1. DM'!E39 -> 27 | F39: ='2.1. DM'!F39 -> F251742 | G39: ='2.1. DM'!G39 -> CIAT-23932 | H39: ='2.1. DM'!H39 -> Dendrolobium | I39: ='2.1. DM'!I39 -> triangulare | ... O39: ='2.1. DM'!O39 -> OT-010 (2025) | Q39: 18.840827 | R39: =AVERAGE(Q39:Q40) -> 18.840827
B40: ='2.1. DM'!B40 -> 30 | C40: ='2.1. DM'!C40 -> 46041 | D40: ='2.1. DM'!D40 -> Genbank | E40: ='2.1. DM'!E40 -> 27 | F40: ='2.1. DM'!F40 -> F251742 | G40: ='2.1. DM'!G40 -> CIAT-23932 | H40: ='2.1. DM'!H40 -> Dendrolobium | I40: ='2.1. DM'!I40 -> triangulare | ... O40: ='2.1. DM'!O40 -> OT-010 (2025) | Q40: 18.840827
B41: ='2.1. DM'!B41 -> 31 | C41: ='2.1. DM'!C41 -> 46041 | D41: ='2.1. DM'!D41 -> Genbank | E41: ='2.1. DM'!E41 -> 27 | F41: ='2.1. DM'!F41 -> F251743 | G41: ='2.1. DM'!G41 -> CIAT-23933 | H41: ='2.1. DM'!H41 -> Dendrolobium | I41: ='2.1. DM'!I41 -> triangulare | ... O41: ='2.1. DM'!O41 -> OT-010 (2025) | Q41: 17.584206 | R41: =AVERAGE(Q41:Q42) -> 17.584206
B42: ='2.1. DM'!B42 -> 32 | C42: ='2.1. DM'!C42 -> 46041 | D42: ='2.1. DM'!D42 -> Genbank | E42: ='2.1. DM'!E42 -> 27 | F42: ='2.1. DM'!F42 -> F251743 | G42: ='2.1. DM'!G42 -> CIAT-23933 | H42: ='2.1. DM'!H42 -> Dendrolobium | I42: ='2.1. DM'!I42 -> triangulare | ... O42: ='2.1. DM'!O42 -> OT-010 (2025) | Q42: 17.584206
B43: ='2.1. DM'!B43 -> 33 | C43: ='2.1. DM'!C43 -> 46041 | D43: ='2.1. DM'!D43 -> Genbank | E43: ='2.1. DM'!E43 -> 27 | F43: ='2.1. DM'!F43 -> F251744 | G43: ='2.1. DM'!G43 -> CIAT-23934 | H43: ='2.1. DM'!H43 -> Dendrolobium | I43: ='2.1. DM'!I43 -> triangulare | ... O43: ='2.1. DM'!O43 -> OT-010 (2025) | Q43: 22.612796 | R43: =AVERAGE(Q43:Q44) -> 22.612796
B44: ='2.1. DM'!B44 -> 34 | C44: ='2.1. DM'!C44 -> 46041 | D44: ='2.1. DM'!D44 -> Genbank | E44: ='2.1. DM'!E44 -> 27 | F44: ='2.1. DM'!F44 -> F251744 | G44: ='2.1. DM'!G44 -> CIAT-23934 | H44: ='2.1. DM'!H44 -> Dendrolobium | I44: ='2.1. DM'!I44 -> triangulare | ... O44: ='2.1. DM'!O44 -> OT-010 (2025) | Q44: 22.612796
B45: ='2.1. DM'!B45 -> 35 | C45: ='2.1. DM'!C45 -> 46041 | D45: ='2.1. DM'!D45 -> Genbank | E45: ='2.1. DM'!E45 -> 27 | F45: ='2.1. DM'!F45 -> F251745 | G45: ='2.1. DM'!G45 -> CIAT-23936 | H45: ='2.1. DM'!H45 -> Dendrolobium | I45: ='2.1. DM'!I45 -> triangulare | ... O45: ='2.1. DM'!O45 -> OT-010 (2025) | Q45: 19.266313 | R45: =AVERAGE(Q45:Q46) -> 19.266313
B46: ='2.1. DM'!B46 -> 36 | C46: ='2.1. DM'!C46 -> 46041 | D46: ='2.1. DM'!D46 -> Genbank | E46: ='2.1. DM'!E46 -> 27 | F46: ='2.1. DM'!F46 -> F251745 | G46: ='2.1. DM'!G46 -> CIAT-23936 | H46: ='2.1. DM'!H46 -> Dendrolobium | I46: ='2.1. DM'!I46 -> triangulare | ... O46: ='2.1. DM'!O46 -> OT-010 (2025) | Q46: 19.266313
B47: ='2.1. DM'!B47 -> 37 | C47: ='2.1. DM'!C47 -> 46041 | D47: ='2.1. DM'!D47 -> Genbank | E47: ='2.1. DM'!E47 -> 27 | F47: ='2.1. DM'!F47 -> F251746 | G47: ='2.1. DM'!G47 -> CIAT-33119 | H47: ='2.1. DM'!H47 -> Dendrolobium | I47: ='2.1. DM'!I47 -> triangulare | ... O47: ='2.1. DM'!O47 -> OT-010 (2025) | Q47: 17.300431 | R47: =AVERAGE(Q47:Q48) -> 17.300431
B48: ='2.1. DM'!B48 -> 38 | C48: ='2.1. DM'!C48 -> 46041 | D48: ='2.1. DM'!D48 -> Genbank | E48: ='2.1. DM'!E48 -> 27 | F48: ='2.1. DM'!F48 -> F251746 | G48: ='2.1. DM'!G48 -> CIAT-33119 | H48: ='2.1. DM'!H48 -> Dendrolobium | I48: ='2.1. DM'!I48 -> triangulare | ... O48: ='2.1. DM'!O48 -> OT-010 (2025) | Q48: 17.300431
B49: ='2.1. DM'!B49 -> 39 | C49: ='2.1. DM'!C49 -> 46041 | D49: ='2.1. DM'!D49 -> Genbank | E49: ='2.1. DM'!E49 -> 27 | F49: ='2.1. DM'!F49 -> F251747 | G49: ='2.1. DM'!G49 -> CIAT-33383 | H49: ='2.1. DM'!H49 -> Dendrolobium | I49: ='2.1. DM'!I49 -> sp. | ... O49: ='2.1. DM'!O49 -> OT-010 (2025) | Q49: 14.842101 | R49: =AVERAGE(Q49:Q50) -> 14.663948
B50: ='2.1. DM'!B50 -> 40 | C50: ='2.1. DM'!C50 -> 46041 | D50: ='2.1. DM'!D50 -> Genbank | E50: ='2.1. DM'!E50 -> 27 | F50: ='2.1. DM'!F50 -> F251747 | G50: ='2.1. DM'!G50 -> CIAT-33383 | H50: ='2.1. DM'!H50 -> Dendrolobium | I50: ='2.1. DM'!I50 -> sp. | ... O50: ='2.1. DM'!O50 -> OT-010 (2025) | Q50: 14.485794
B51: ='2.1. DM'!B51 -> 41 | C51: ='2.1. DM'!C51 -> 46041 | D51: ='2.1. DM'!D51 -> Genbank | E51: ='2.1. DM'!E51 -> 27 | F51: ='2.1. DM'!F51 -> F251748 | G51: ='2.1. DM'!G51 -> CIAT-33402 | H51: ='2.1. DM'!H51 -> Dendrolobium | I51: ='2.1. DM'!I51 -> triangulare | ... O51: ='2.1. DM'!O51 -> OT-010 (2025) | Q51: 20.084074 | R51: =AVERAGE(Q51:Q52) -> 20.084074
B52: ='2.1. DM'!B52 -> 42 | C52: ='2.1. DM'!C52 -> 46041 | D52: ='2.1. DM'!D52 -> Genbank | E52: ='2.1. DM'!E52 -> 27 | F52: ='2.1. DM'!F52 -> F251748 | G52: ='2.1. DM'!G52 -> CIAT-33402 | H52: ='2.1. DM'!H52 -> Dendrolobium | I52: ='2.1. DM'!I52 -> triangulare | ... O52: ='2.1. DM'!O52 -> OT-010 (2025) | Q52: 20.084074
B53: ='2.1. DM'!B53 -> 43 | C53: ='2.1. DM'!C53 -> 46041 | D53: ='2.1. DM'!D53 -> Genbank | E53: ='2.1. DM'!E53 -> 27 | F53: ='2.1. DM'!F53 -> F251749 | G53: ='2.1. DM'!G53 -> CIAT-33508 | H53: ='2.1. DM'!H53 -> Dendrolobium | I53: ='2.1. DM'!I53 -> umbellatum | ... O53: ='2.1. DM'!O53 -> OT-010 (2025) | Q53: 22.605566 | R53: =AVERAGE(Q53:Q54) -> 22.605566
B54: ='2.1. DM'!B54 -> 44 | C54: ='2.1. DM'!C54 -> 46041 | D54: ='2.1. DM'!D54 -> Genbank | E54: ='2.1. DM'!E54 -> 27 | F54: ='2.1. DM'!F54 -> F251749 | G54: ='2.1. DM'!G54 -> CIAT-33508 | H54: ='2.1. DM'!H54 -> Dendrolobium | I54: ='2.1. DM'!I54 -> umbellatum | ... O54: ='2.1. DM'!O54 -> OT-010 (2025) | Q54: 22.605566
B55: ='2.1. DM'!B55 -> 45 | C55: ='2.1. DM'!C55 -> 46041 | D55: ='2.1. DM'!D55 -> Genbank | E55: ='2.1. DM'!E55 -> 27 | F55: ='2.1. DM'!F55 -> F251750 | G55: ='2.1. DM'!G55 -> CIAT-33515 | H55: ='2.1. DM'!H55 -> Dendrolobium | I55: ='2.1. DM'!I55 -> triangulare | ... O55: ='2.1. DM'!O55 -> OT-010 (2025) | Q55: 20.963127 | R55: =AVERAGE(Q55:Q56) -> 20.963127
B56: ='2.1. DM'!B56 -> 46 | C56: ='2.1. DM'!C56 -> 46041 | D56: ='2.1. DM'!D56 -> Genbank | E56: ='2.1. DM'!E56 -> 27 | F56: ='2.1. DM'!F56 -> F251750 | G56: ='2.1. DM'!G56 -> CIAT-33515 | H56: ='2.1. DM'!H56 -> Dendrolobium | I56: ='2.1. DM'!I56 -> triangulare | ... O56: ='2.1. DM'!O56 -> OT-010 (2025) | Q56: 20.963127
B57: ='2.1. DM'!B57 -> 47 | C57: ='2.1. DM'!C57 -> 46041 | D57: ='2.1. DM'!D57 -> Genbank | E57: ='2.1. DM'!E57 -> 27 | F57: ='2.1. DM'!F57 -> F251751 | G57: ='2.1. DM'!G57 -> CIAT-7353 | H57: ='2.1. DM'!H57 -> Prosopis | I57: ='2.1. DM'!I57 -> juliflora | ... O57: ='2.1. DM'!O57 -> OT-010 (2025) | Q57: 30.486454 | R57: =AVERAGE(Q57:Q58) -> 30.486454
B58: ='2.1. DM'!B58 -> 48 | C58: ='2.1. DM'!C58 -> 46041 | D58: ='2.1. DM'!D58 -> Genbank | E58: ='2.1. DM'!E58 -> 27 | F58: ='2.1. DM'!F58 -> F251751 | G58: ='2.1. DM'!G58 -> CIAT-7353 | H58: ='2.1. DM'!H58 -> Prosopis | I58: ='2.1. DM'!I58 -> juliflora | ... O58: ='2.1. DM'!O58 -> OT-010 (2025) | Q58: 30.486454
B59: ='2.1. DM'!B59 -> 49 | C59: ='2.1. DM'!C59 -> 46041 | D59: ='2.1. DM'!D59 -> Genbank | E59: ='2.1. DM'!E59 -> 27 | F59: ='2.1. DM'!F59 -> F251752 | G59: ='2.1. DM'!G59 -> CIAT-7976 | H59: ='2.1. DM'!H59 -> Cassia | I59: ='2.1. DM'!I59 -> sp. | ... O59: ='2.1. DM'!O59 -> OT-010 (2025) | Q59: 25.588518 | R59: =AVERAGE(Q59:Q60) -> 25.588518
B60: ='2.1. DM'!B60 -> 50 | C60: ='2.1. DM'!C60 -> 46041 | D60: ='2.1. DM'!D60 -> Genbank | E60: ='2.1. DM'!E60 -> 27 | F60: ='2.1. DM'!F60 -> F251752 | G60: ='2.1. DM'!G60 -> CIAT-7976 | H60: ='2.1. DM'!H60 -> Cassia | I60: ='2.1. DM'!I60 -> sp. | ... O60: ='2.1. DM'!O60 -> OT-010 (2025) | Q60: 25.588518
B61: ='2.1. DM'!B61 -> 51 | C61: ='2.1. DM'!C61 -> 46041 | D61: ='2.1. DM'!D61 -> Genbank | E61: ='2.1. DM'!E61 -> 27 | F61: ='2.1. DM'!F61 -> F251753 | G61: ='2.1. DM'!G61 -> CIAT-8018 | H61: ='2.1. DM'!H61 -> Acacia | I61: ='2.1. DM'!I61 -> aroma | ... O61: ='2.1. DM'!O61 -> OT-010 (2025) | Q61: 23.536924 | R61: =AVERAGE(Q61:Q62) -> 23.536924
B62: ='2.1. DM'!B62 -> 52 | C62: ='2.1. DM'!C62 -> 46041 | D62: ='2.1. DM'!D62 -> Genbank | E62: ='2.1. DM'!E62 -> 27 | F62: ='2.1. DM'!F62 -> F251753 | G62: ='2.1. DM'!G62 -> CIAT-8018 | H62: ='2.1. DM'!H62 -> Acacia | I62: ='2.1. DM'!I62 -> aroma | ... O62: ='2.1. DM'!O62 -> OT-010 (2025) | Q62: 23.536924
B63: ='2.1. DM'!B63 -> 53 | C63: ='2.1. DM'!C63 -> 46041 | D63: ='2.1. DM'!D63 -> Genbank | E63: ='2.1. DM'!E63 -> 27 | F63: ='2.1. DM'!F63 -> F251754 | G63: ='2.1. DM'!G63 -> CIAT-9990 | H63: ='2.1. DM'!H63 -> Prosopis | I63: ='2.1. DM'!I63 -> juliflora | ... O63: ='2.1. DM'!O63 -> OT-010 (2025) | Q63: 31.752008 | R63: =AVERAGE(Q63:Q64) -> 31.752008
B64: ='2.1. DM'!B64 -> 54 | C64: ='2.1. DM'!C64 -> 46041 | D64: ='2.1. DM'!D64 -> Genbank | E64: ='2.1. DM'!E64 -> 27 | F64: ='2.1. DM'!F64 -> F251754 | G64: ='2.1. DM'!G64 -> CIAT-9990 | H64: ='2.1. DM'!H64 -> Prosopis | I64: ='2.1. DM'!I64 -> juliflora | ... O64: ='2.1. DM'!O64 -> OT-010 (2025) | Q64: 31.752008
B65: ='2.1. DM'!B65 -> 55 | C65: ='2.1. DM'!C65 -> 46041 | D65: ='2.1. DM'!D65 -> Genbank | E65: ='2.1. DM'!E65 -> 27 | F65: ='2.1. DM'!F65 -> F251755 | G65: ='2.1. DM'!G65 -> CIAT-13258 | H65: ='2.1. DM'!H65 -> Dendrolobium | I65: ='2.1. DM'!I65 -> lanceolatum | ... O65: ='2.1. DM'!O65 -> OT-010 (2025) | Q65: 15.550264 | R65: =AVERAGE(Q65:Q66) -> 15.550264
B66: ='2.1. DM'!B66 -> 56 | C66: ='2.1. DM'!C66 -> 46041 | D66: ='2.1. DM'!D66 -> Genbank | E66: ='2.1. DM'!E66 -> 27 | F66: ='2.1. DM'!F66 -> F251755 | G66: ='2.1. DM'!G66 -> CIAT-13258 | H66: ='2.1. DM'!H66 -> Dendrolobium | I66: ='2.1. DM'!I66 -> lanceolatum | ... O66: ='2.1. DM'!O66 -> OT-010 (2025) | Q66: 15.550264
B67: ='2.1. DM'!B67 -> 57 | C67: ='2.1. DM'!C67 -> 46041 | D67: ='2.1. DM'!D67 -> Genbank | E67: ='2.1. DM'!E67 -> 27 | F67: ='2.1. DM'!F67 -> F251756 | G67: ='2.1. DM'!G67 -> CIAT-13260 | H67: ='2.1. DM'!H67 -> Dendrolobium | I67: ='2.1. DM'!I67 -> lanceolatum | ... O67: ='2.1. DM'!O67 -> OT-010 (2025) | Q67: 15.813425 | R67: =AVERAGE(Q67:Q68) -> 15.813425
B68: ='2.1. DM'!B68 -> 58 | C68: ='2.1. DM'!C68 -> 46041 | D68: ='2.1. DM'!D68 -> Genbank | E68: ='2.1. DM'!E68 -> 27 | F68: ='2.1. DM'!F68 -> F251756 | G68: ='2.1. DM'!G68 -> CIAT-13260 | H68: ='2.1. DM'!H68 -> Dendrolobium | I68: ='2.1. DM'!I68 -> lanceolatum | ... O68: ='2.1. DM'!O68 -> OT-010 (2025) | Q68: 15.813425
B69: ='2.1. DM'!B69 -> 59 | C69: ='2.1. DM'!C69 -> 46041 | D69: ='2.1. DM'!D69 -> Genbank | E69: ='2.1. DM'!E69 -> 27 | F69: ='2.1. DM'!F69 -> F251757 | G69: ='2.1. DM'!G69 -> CIAT-17263 | H69: ='2.1. DM'!H69 -> Leucaena | I69: ='2.1. DM'!I69 -> leucocephala | ... O69: ='2.1. DM'!O69 -> OT-010 (2025) | Q69: 27.429406 | R69: =AVERAGE(Q69:Q70) -> 27.429406
B70: ='2.1. DM'!B70 -> 60 | C70: ='2.1. DM'!C70 -> 46041 | D70: ='2.1. DM'!D70 -> Genbank | E70: ='2.1. DM'!E70 -> 27 | F70: ='2.1. DM'!F70 -> F251757 | G70: ='2.1. DM'!G70 -> CIAT-17263 | H70: ='2.1. DM'!H70 -> Leucaena | I70: ='2.1. DM'!I70 -> leucocephala | ... O70: ='2.1. DM'!O70 -> OT-010 (2025)
B71: ='2.1. DM'!B71 -> 61 | C71: ='2.1. DM'!C71 -> 46041 | D71: ='2.1. DM'!D71 -> Isabel Molina | E71: ='2.1. DM'!E71 -> 27 | F71: ='2.1. DM'!F71 -> F252640 | G71: ='2.1. DM'!G71 -> Cayman Br02_1752 | H71: ='2.1. DM'!H71 -> Urochloa | I71: ='2.1. DM'!I71 -> interespecifico | ... O71: ='2.1. DM'!O71 -> OT-034 (2025) | Q71: 8.0410105 | R71: =AVERAGE(Q71:Q72) -> 8.0543857
B72: ='2.1. DM'!B72 -> 62 | C72: ='2.1. DM'!C72 -> 46041 | D72: ='2.1. DM'!D72 -> Isabel Molina | E72: ='2.1. DM'!E72 -> 27 | F72: ='2.1. DM'!F72 -> F252640 | G72: ='2.1. DM'!G72 -> Cayman Br02_1752 | H72: ='2.1. DM'!H72 -> Urochloa | I72: ='2.1. DM'!I72 -> interespecifico | ... O72: ='2.1. DM'!O72 -> OT-034 (2025) | Q72: 8.0677609
B73: ='2.1. DM'!B73 -> 63 | C73: ='2.1. DM'!C73 -> 46041 | D73: ='2.1. DM'!D73 -> Mauricio Sotelo | E73: ='2.1. DM'!E73 -> 27 | F73: ='2.1. DM'!F73 -> F252641 | G73: ='2.1. DM'!G73 -> N/A | H73: ='2.1. DM'!H73 -> Gliricidia | I73: ='2.1. DM'!I73 -> sepium | ... O73: ='2.1. DM'!O73 -> OT-035 (2025) | Q73: 22.32 | R73: =AVERAGE(Q73:Q74) -> 22.375
B74: ='2.1. DM'!B74 -> 64 | C74: ='2.1. DM'!C74 -> 46041 | D74: ='2.1. DM'!D74 -> Mauricio Sotelo | E74: ='2.1. DM'!E74 -> 27 | F74: ='2.1. DM'!F74 -> F252641 | G74: ='2.1. DM'!G74 -> N/A | H74: ='2.1. DM'!H74 -> Gliricidia | I74: ='2.1. DM'!I74 -> sepium | ... O74: ='2.1. DM'!O74 -> OT-035 (2025) | Q74: 22.43
B75: ='2.1. DM'!B75 -> 65 | C75: ='2.1. DM'!C75 -> 46041 | D75: ='2.1. DM'!D75 -> Jacobo Arango/Alejandro Montoya | E75: ='2.1. DM'!E75 -> 27 | F75: ='2.1. DM'!F75 -> F250008 | G75: ='2.1. DM'!G75 -> Sample 8 | H75: ='2.1. DM'!H75 -> Cynodon | I75: ='2.1. DM'!I75 -> nlemfuensis | ... O75: ='2.1. DM'!O75 -> OT-002 | R75: 13.1
B76: ='2.1. DM'!B76 -> 66 | C76: ='2.1. DM'!C76 -> 46041 | D76: ='2.1. DM'!D76 -> Jacobo Arango/Alejandro Montoya | E76: ='2.1. DM'!E76 -> 27 | F76: ='2.1. DM'!F76 -> F250008 | G76: ='2.1. DM'!G76 -> Sample 8 | H76: ='2.1. DM'!H76 -> Cynodon | I76: ='2.1. DM'!I76 -> nlemfuensis | ... O76: ='2.1. DM'!O76 -> OT-002
B77: ='2.1. DM'!B77 -> 67 | C77: ='2.1. DM'!C77 -> 46048 | D77: ='2.1. DM'!D77 -> Genbank | E77: ='2.1. DM'!E77 -> 28 | F77: ='2.1. DM'!F77 -> F251758 | G77: ='2.1. DM'!G77 -> CIAT-17459 | H77: ='2.1. DM'!H77 -> Erythrina | I77: ='2.1. DM'!I77 -> berteroana | ... O77: ='2.1. DM'!O77 -> OT-010 | Q77: 24.251446 | R77: =AVERAGE(Q77:Q78) -> 24.251446
B78: ='2.1. DM'!B78 -> 68 | C78: ='2.1. DM'!C78 -> 46048 | D78: ='2.1. DM'!D78 -> Genbank | E78: ='2.1. DM'!E78 -> 28 | F78: ='2.1. DM'!F78 -> F251758 | G78: ='2.1. DM'!G78 -> CIAT-17459 | H78: ='2.1. DM'!H78 -> Erythrina | I78: ='2.1. DM'!I78 -> berteroana | ... O78: ='2.1. DM'!O78 -> OT-010 | Q78: 24.251446
B79: ='2.1. DM'!B79 -> 69 | C79: ='2.1. DM'!C79 -> 46048 | D79: ='2.1. DM'!D79 -> Genbank | E79: ='2.1. DM'!E79 -> 28 | F79: ='2.1. DM'!F79 -> F251759 | G79: ='2.1. DM'!G79 -> CIAT-17482 | H79: ='2.1. DM'!H79 -> Leucaena | I79: ='2.1. DM'!I79 -> leucocephala | ... O79: ='2.1. DM'!O79 -> OT-010 | Q79: 26.542323 | R79: =AVERAGE(Q79:Q80) -> 26.542323
B80: ='2.1. DM'!B80 -> 70 | C80: ='2.1. DM'!C80 -> 46048 | D80: ='2.1. DM'!D80 -> Genbank | E80: ='2.1. DM'!E80 -> 28 | F80: ='2.1. DM'!F80 -> F251759 | G80: ='2.1. DM'!G80 -> CIAT-17482 | H80: ='2.1. DM'!H80 -> Leucaena | I80: ='2.1. DM'!I80 -> leucocephala | ... O80: ='2.1. DM'!O80 -> OT-010 | Q80: 26.542323
B81: ='2.1. DM'!B81 -> 71 | C81: ='2.1. DM'!C81 -> 46048 | D81: ='2.1. DM'!D81 -> Genbank | E81: ='2.1. DM'!E81 -> 28 | F81: ='2.1. DM'!F81 -> F251760 | G81: ='2.1. DM'!G81 -> CIAT-17502 | H81: ='2.1. DM'!H81 -> Leucaena | I81: ='2.1. DM'!I81 -> leucocephala | ... O81: ='2.1. DM'!O81 -> OT-010 | Q81: 28.859971 | R81: =AVERAGE(Q81:Q82) -> 28.859971
B82: ='2.1. DM'!B82 -> 72 | C82: ='2.1. DM'!C82 -> 46048 | D82: ='2.1. DM'!D82 -> Genbank | E82: ='2.1. DM'!E82 -> 28 | F82: ='2.1. DM'!F82 -> F251760 | G82: ='2.1. DM'!G82 -> CIAT-17502 | H82: ='2.1. DM'!H82 -> Leucaena | I82: ='2.1. DM'!I82 -> leucocephala | ... O82: ='2.1. DM'!O82 -> OT-010 | Q82: 28.859971
B83: ='2.1. DM'!B83 -> 73 | C83: ='2.1. DM'!C83 -> 46048 | D83: ='2.1. DM'!D83 -> Genbank | E83: ='2.1. DM'!E83 -> 28 | F83: ='2.1. DM'!F83 -> F251761 | G83: ='2.1. DM'!G83 -> CIAT-19384 | H83: ='2.1. DM'!H83 -> Prosopis | I83: ='2.1. DM'!I83 -> juliflora | ... O83: ='2.1. DM'!O83 -> OT-010 | Q83: 36.954926 | R83: =AVERAGE(Q83:Q84) -> 36.954926
B84: ='2.1. DM'!B84 -> 74 | C84: ='2.1. DM'!C84 -> 46048 | D84: ='2.1. DM'!D84 -> Genbank | E84: ='2.1. DM'!E84 -> 28 | F84: ='2.1. DM'!F84 -> F251761 | G84: ='2.1. DM'!G84 -> CIAT-19384 | H84: ='2.1. DM'!H84 -> Prosopis | I84: ='2.1. DM'!I84 -> juliflora | ... O84: ='2.1. DM'!O84 -> OT-010 | Q84: 36.954926
B85: ='2.1. DM'!B85 -> 75 | C85: ='2.1. DM'!C85 -> 46048 | D85: ='2.1. DM'!D85 -> Genbank | E85: ='2.1. DM'!E85 -> 28 | F85: ='2.1. DM'!F85 -> F251762 | G85: ='2.1. DM'!G85 -> CIAT-19571 | H85: ='2.1. DM'!H85 -> Senna | I85: ='2.1. DM'!I85 -> cobanensis | ... O85: ='2.1. DM'!O85 -> OT-010 | Q85: 23.200973 | R85: =AVERAGE(Q85:Q86) -> 23.200973
B86: ='2.1. DM'!B86 -> 76 | C86: ='2.1. DM'!C86 -> 46048 | D86: ='2.1. DM'!D86 -> Genbank | E86: ='2.1. DM'!E86 -> 28 | F86: ='2.1. DM'!F86 -> F251762 | G86: ='2.1. DM'!G86 -> CIAT-19571 | H86: ='2.1. DM'!H86 -> Senna | I86: ='2.1. DM'!I86 -> cobanensis | ... O86: ='2.1. DM'!O86 -> OT-010 | Q86: 23.200973
B87: ='2.1. DM'!B87 -> 77 | C87: ='2.1. DM'!C87 -> 46048 | D87: ='2.1. DM'!D87 -> Genbank | E87: ='2.1. DM'!E87 -> 28 | F87: ='2.1. DM'!F87 -> F251763 | G87: ='2.1. DM'!G87 -> CIAT-20126 | H87: ='2.1. DM'!H87 -> Acacia | I87: ='2.1. DM'!I87 -> angustissima | ... O87: ='2.1. DM'!O87 -> OT-010 | Q87: 29.902155 | R87: =AVERAGE(Q87:Q88) -> 29.902155
B88: ='2.1. DM'!B88 -> 78 | C88: ='2.1. DM'!C88 -> 46048 | D88: ='2.1. DM'!D88 -> Genbank | E88: ='2.1. DM'!E88 -> 28 | F88: ='2.1. DM'!F88 -> F251763 | G88: ='2.1. DM'!G88 -> CIAT-20126 | H88: ='2.1. DM'!H88 -> Acacia | I88: ='2.1. DM'!I88 -> angustissima | ... O88: ='2.1. DM'!O88 -> OT-010 | Q88: 29.902155
B89: ='2.1. DM'!B89 -> 79 | C89: ='2.1. DM'!C89 -> 46048 | D89: ='2.1. DM'!D89 -> Genbank | E89: ='2.1. DM'!E89 -> 28 | F89: ='2.1. DM'!F89 -> F251764 | G89: ='2.1. DM'!G89 -> CIAT-20788 | H89: ='2.1. DM'!H89 -> Senna | I89: ='2.1. DM'!I89 -> pallida | ... O89: ='2.1. DM'!O89 -> OT-010 | Q89: 24.302493 | R89: =AVERAGE(Q89:Q90) -> 24.302493
B90: ='2.1. DM'!B90 -> 80 | C90: ='2.1. DM'!C90 -> 46048 | D90: ='2.1. DM'!D90 -> Genbank | E90: ='2.1. DM'!E90 -> 28 | F90: ='2.1. DM'!F90 -> F251764 | G90: ='2.1. DM'!G90 -> CIAT-20788 | H90: ='2.1. DM'!H90 -> Senna | I90: ='2.1. DM'!I90 -> pallida | ... O90: ='2.1. DM'!O90 -> OT-010 | Q90: 24.302493
B91: ='2.1. DM'!B91 -> 81 | C91: ='2.1. DM'!C91 -> 46048 | D91: ='2.1. DM'!D91 -> Genbank | E91: ='2.1. DM'!E91 -> 28 | F91: ='2.1. DM'!F91 -> F251765 | G91: ='2.1. DM'!G91 -> CIAT-21242 | H91: ='2.1. DM'!H91 -> Leucaena | I91: ='2.1. DM'!I91 -> diversifolia | ... O91: ='2.1. DM'!O91 -> OT-010 | Q91: 23.275835 | R91: =AVERAGE(Q91:Q92) -> 23.275835
B92: ='2.1. DM'!B92 -> 82 | C92: ='2.1. DM'!C92 -> 46048 | D92: ='2.1. DM'!D92 -> Genbank | E92: ='2.1. DM'!E92 -> 28 | F92: ='2.1. DM'!F92 -> F251765 | G92: ='2.1. DM'!G92 -> CIAT-21242 | H92: ='2.1. DM'!H92 -> Leucaena | I92: ='2.1. DM'!I92 -> diversifolia | ... O92: ='2.1. DM'!O92 -> OT-010 | Q92: 23.275835
B93: ='2.1. DM'!B93 -> 83 | C93: ='2.1. DM'!C93 -> 46048 | D93: ='2.1. DM'!D93 -> Genbank | E93: ='2.1. DM'!E93 -> 28 | F93: ='2.1. DM'!F93 -> F251766 | G93: ='2.1. DM'!G93 -> CIAT-21512 | H93: ='2.1. DM'!H93 -> Calliandra | I93: ='2.1. DM'!I93 -> calothyrsus | ... O93: ='2.1. DM'!O93 -> OT-010 | Q93: 24.069322 | R93: =AVERAGE(Q93:Q94) -> 24.069322
B94: ='2.1. DM'!B94 -> 84 | C94: ='2.1. DM'!C94 -> 46048 | D94: ='2.1. DM'!D94 -> Genbank | E94: ='2.1. DM'!E94 -> 28 | F94: ='2.1. DM'!F94 -> F251766 | G94: ='2.1. DM'!G94 -> CIAT-21512 | H94: ='2.1. DM'!H94 -> Calliandra | I94: ='2.1. DM'!I94 -> calothyrsus | ... O94: ='2.1. DM'!O94 -> OT-010 | Q94: 24.069322
B95: ='2.1. DM'!B95 -> 85 | C95: ='2.1. DM'!C95 -> 46048 | D95: ='2.1. DM'!D95 -> Genbank | E95: ='2.1. DM'!E95 -> 28 | F95: ='2.1. DM'!F95 -> F251767 | G95: ='2.1. DM'!G95 -> CIAT-21601 | H95: ='2.1. DM'!H95 -> Erythrina | I95: ='2.1. DM'!I95 -> fusca | ... O95: ='2.1. DM'!O95 -> OT-010 | Q95: 23.751606 | R95: =AVERAGE(Q95:Q96) -> 23.410849
B96: ='2.1. DM'!B96 -> 86 | C96: ='2.1. DM'!C96 -> 46048 | D96: ='2.1. DM'!D96 -> Genbank | E96: ='2.1. DM'!E96 -> 28 | F96: ='2.1. DM'!F96 -> F251767 | G96: ='2.1. DM'!G96 -> CIAT-21601 | H96: ='2.1. DM'!H96 -> Erythrina | I96: ='2.1. DM'!I96 -> fusca | ... O96: ='2.1. DM'!O96 -> OT-010 | Q96: 23.070092
B97: ='2.1. DM'!B97 -> 87 | C97: ='2.1. DM'!C97 -> 46048 | D97: ='2.1. DM'!D97 -> Genbank | E97: ='2.1. DM'!E97 -> 28 | F97: ='2.1. DM'!F97 -> F251768 | G97: ='2.1. DM'!G97 -> CIAT-21809 | H97: ='2.1. DM'!H97 -> Acacia | I97: ='2.1. DM'!I97 -> farnesiana | ... O97: ='2.1. DM'!O97 -> OT-010 | Q97: 31.000656 | R97: =AVERAGE(Q97:Q98) -> 31.000656
B98: ='2.1. DM'!B98 -> 88 | C98: ='2.1. DM'!C98 -> 46048 | D98: ='2.1. DM'!D98 -> Genbank | E98: ='2.1. DM'!E98 -> 28 | F98: ='2.1. DM'!F98 -> F251768 | G98: ='2.1. DM'!G98 -> CIAT-21809 | H98: ='2.1. DM'!H98 -> Acacia | I98: ='2.1. DM'!I98 -> farnesiana | ... O98: ='2.1. DM'!O98 -> OT-010 | Q98: 31.000656
B99: ='2.1. DM'!B99 -> 89 | C99: ='2.1. DM'!C99 -> 46048 | D99: ='2.1. DM'!D99 -> Genbank | E99: ='2.1. DM'!E99 -> 28 | F99: ='2.1. DM'!F99 -> F251769 | G99: ='2.1. DM'!G99 -> CIAT-21810 | H99: ='2.1. DM'!H99 -> Acacia | I99: ='2.1. DM'!I99 -> angustissima | ... O99: ='2.1. DM'!O99 -> OT-010 | Q99: 31.66394 | R99: =AVERAGE(Q99:Q100) -> 31.66394
B100: ='2.1. DM'!B100 -> 90 | C100: ='2.1. DM'!C100 -> 46048 | D100: ='2.1. DM'!D100 -> Genbank | E100: ='2.1. DM'!E100 -> 28 | F100: ='2.1. DM'!F100 -> F251769 | G100: ='2.1. DM'!G100 -> CIAT-21810 | H100: ='2.1. DM'!H100 -> Acacia | I100: ='2.1. DM'!I100 -> angustissima | ... O100: ='2.1. DM'!O100 -> OT-010 | Q100: 31.66394
B101: ='2.1. DM'!B101 -> 91 | C101: ='2.1. DM'!C101 -> 46048 | D101: ='2.1. DM'!D101 -> Genbank | E101: ='2.1. DM'!E101 -> 28 | F101: ='2.1. DM'!F101 -> F251770 | G101: ='2.1. DM'!G101 -> CIAT-21888 | H101: ='2.1. DM'!H101 -> Leucaena | I101: ='2.1. DM'!I101 -> leucocephala | ... O101: ='2.1. DM'!O101 -> OT-010 | Q101: 29.904588 | R101: =AVERAGE(Q101:Q102) -> 29.904588
B102: ='2.1. DM'!B102 -> 92 | C102: ='2.1. DM'!C102 -> 46048 | D102: ='2.1. DM'!D102 -> Genbank | E102: ='2.1. DM'!E102 -> 28 | F102: ='2.1. DM'!F102 -> F251770 | G102: ='2.1. DM'!G102 -> CIAT-21888 | H102: ='2.1. DM'!H102 -> Leucaena | I102: ='2.1. DM'!I102 -> leucocephala | ... O102: ='2.1. DM'!O102 -> OT-010 | Q102: 29.904588
B103: ='2.1. DM'!B103 -> 93 | C103: ='2.1. DM'!C103 -> 46048 | D103: ='2.1. DM'!D103 -> Genbank | E103: ='2.1. DM'!E103 -> 28 | F103: ='2.1. DM'!F103 -> F251771 | G103: ='2.1. DM'!G103 -> CIAT-22310 | H103: ='2.1. DM'!H103 -> Calliandra | I103: ='2.1. DM'!I103 -> calothyrsus | ... O103: ='2.1. DM'!O103 -> OT-010 | Q103: 21.754706 | R103: =AVERAGE(Q103:Q104) -> 21.754706
B104: ='2.1. DM'!B104 -> 94 | C104: ='2.1. DM'!C104 -> 46048 | D104: ='2.1. DM'!D104 -> Genbank | E104: ='2.1. DM'!E104 -> 28 | F104: ='2.1. DM'!F104 -> F251771 | G104: ='2.1. DM'!G104 -> CIAT-22310 | H104: ='2.1. DM'!H104 -> Calliandra | I104: ='2.1. DM'!I104 -> calothyrsus | ... O104: ='2.1. DM'!O104 -> OT-010 | Q104: 21.754706
B105: ='2.1. DM'!B105 -> 95 | C105: ='2.1. DM'!C105 -> 46048 | D105: ='2.1. DM'!D105 -> Genbank | E105: ='2.1. DM'!E105 -> 28 | F105: ='2.1. DM'!F105 -> F251772 | G105: ='2.1. DM'!G105 -> CIAT-22311 | H105: ='2.1. DM'!H105 -> Calliandra | I105: ='2.1. DM'!I105 -> calothyrsus | ... O105: ='2.1. DM'!O105 -> OT-010 | Q105: 21.513622 | R105: =AVERAGE(Q105:Q106) -> 21.513622
B106: ='2.1. DM'!B106 -> 96 | C106: ='2.1. DM'!C106 -> 46048 | D106: ='2.1. DM'!D106 -> Genbank | E106: ='2.1. DM'!E106 -> 28 | F106: ='2.1. DM'!F106 -> F251772 | G106: ='2.1. DM'!G106 -> CIAT-22311 | H106: ='2.1. DM'!H106 -> Calliandra | I106: ='2.1. DM'!I106 -> calothyrsus | ... O106: ='2.1. DM'!O106 -> OT-010 | Q106: 21.513622
B107: ='2.1. DM'!B107 -> 97 | C107: ='2.1. DM'!C107 -> 46048 | D107: ='2.1. DM'!D107 -> Genbank | E107: ='2.1. DM'!E107 -> 28 | F107: ='2.1. DM'!F107 -> F251773 | G107: ='2.1. DM'!G107 -> CIAT-22316 | H107: ='2.1. DM'!H107 -> Calliandra | I107: ='2.1. DM'!I107 -> calothyrsus | ... O107: ='2.1. DM'!O107 -> OT-010 | Q107: 20.815956 | R107: =AVERAGE(Q107:Q108) -> 20.815956
B108: ='2.1. DM'!B108 -> 98 | C108: ='2.1. DM'!C108 -> 46048 | D108: ='2.1. DM'!D108 -> Genbank | E108: ='2.1. DM'!E108 -> 28 | F108: ='2.1. DM'!F108 -> F251773 | G108: ='2.1. DM'!G108 -> CIAT-22316 | H108: ='2.1. DM'!H108 -> Calliandra | I108: ='2.1. DM'!I108 -> calothyrsus | ... O108: ='2.1. DM'!O108 -> OT-010 | Q108: 20.815956
...

Sheet 2.3 ADF
P4: ACID DETERGENT FIBER
B10: No | C10: Date | D10: ='1. Information samples'!D10 -> Requisitioner | E10: ='1. Information samples'!E10 -> Set CIAT | F10: ='1. Information samples'!F10 -> CIAT Lab-ID | G10: ='1. Information samples'!G10 -> Gene bank /Breeding program ID | H10: ='1. Information samples'!H10 -> Genus | I10: ='1. Information samples'!I10 -> Species | J10: ='1. Information samples'!J10 -> Tax Name | K10: ='1. Information samples'!K10 -> Family | ... O10: ='1. Information samples'!O10 -> ID LAB | P10: Replication | Q10: ADF, % (DM) | R10: Av ADF, % (DM)
B11: ='2.1. DM'!B11 -> 1 | C11: ='2.1. DM'!C11 -> 46041 | D11: ='2.1. DM'!D11 -> Genbank | E11: ='2.1. DM'!E11 -> 27 | F11: ='2.1. DM'!F11 -> F251728 | G11: ='2.1. DM'!G11 -> CIAT-13262 | H11: ='2.1. DM'!H11 -> Dendrolobium | I11: ='2.1. DM'!I11 -> triangulare | ... O11: ='2.1. DM'!O11 -> OT-010 (2025) | P11: A | Q11: 47.874993 | R11: =AVERAGE(Q11:Q12) -> 47.523177
B12: ='2.1. DM'!B12 -> 2 | C12: ='2.1. DM'!C12 -> 46041 | D12: ='2.1. DM'!D12 -> Genbank | E12: ='2.1. DM'!E12 -> 27 | F12: ='2.1. DM'!F12 -> F251728 | G12: ='2.1. DM'!G12 -> CIAT-13262 | H12: ='2.1. DM'!H12 -> Dendrolobium | I12: ='2.1. DM'!I12 -> triangulare | ... O12: ='2.1. DM'!O12 -> OT-010 (2025) | P12: B | Q12: 47.171361
B13: ='2.1. DM'!B13 -> 3 | C13: ='2.1. DM'!C13 -> 46041 | D13: ='2.1. DM'!D13 -> Genbank | E13: ='2.1. DM'!E13 -> 27 | F13: ='2.1. DM'!F13 -> F251729 | G13: ='2.1. DM'!G13 -> CIAT-13528 | H13: ='2.1. DM'!H13 -> Dendrolobium | I13: ='2.1. DM'!I13 -> lanceolatum | ... O13: ='2.1. DM'!O13 -> OT-010 (2025) | P13: A | Q13: 48.312754 | R13: =AVERAGE(Q13:Q14) -> 48.362187
B14: ='2.1. DM'!B14 -> 4 | C14: ='2.1. DM'!C14 -> 46041 | D14: ='2.1. DM'!D14 -> Genbank | E14: ='2.1. DM'!E14 -> 27 | F14: ='2.1. DM'!F14 -> F251729 | G14: ='2.1. DM'!G14 -> CIAT-13528 | H14: ='2.1. DM'!H14 -> Dendrolobium | I14: ='2.1. DM'!I14 -> lanceolatum | ... O14: ='2.1. DM'!O14 -> OT-010 (2025) | P14: B | Q14: 48.41162
B15: ='2.1. DM'!B15 -> 5 | C15: ='2.1. DM'!C15 -> 46041 | D15: ='2.1. DM'!D15 -> Genbank | E15: ='2.1. DM'!E15 -> 27 | F15: ='2.1. DM'!F15 -> F251730 | G15: ='2.1. DM'!G15 -> CIAT-13529 | H15: ='2.1. DM'!H15 -> Dendrolobium | I15: ='2.1. DM'!I15 -> triangulare | ... O15: ='2.1. DM'!O15 -> OT-010 (2025) | P15: A | Q15: 44.493066 | R15: =AVERAGE(Q15:Q16) -> 45.328121
B16: ='2.1. DM'!B16 -> 6 | C16: ='2.1. DM'!C16 -> 46041 | D16: ='2.1. DM'!D16 -> Genbank | E16: ='2.1. DM'!E16 -> 27 | F16: ='2.1. DM'!F16 -> F251730 | G16: ='2.1. DM'!G16 -> CIAT-13529 | H16: ='2.1. DM'!H16 -> Dendrolobium | I16: ='2.1. DM'!I16 -> triangulare | ... O16: ='2.1. DM'!O16 -> OT-010 (2025) | P16: B | Q16: 46.163177
B17: ='2.1. DM'!B17 -> 7 | C17: ='2.1. DM'!C17 -> 46041 | D17: ='2.1. DM'!D17 -> Genbank | E17: ='2.1. DM'!E17 -> 27 | F17: ='2.1. DM'!F17 -> F251731 | G17: ='2.1. DM'!G17 -> CIAT-13710 | H17: ='2.1. DM'!H17 -> Dendrolobium | I17: ='2.1. DM'!I17 -> lanceolatum | ... O17: ='2.1. DM'!O17 -> OT-010 (2025) | P17: A | Q17: 53.587567 | R17: =AVERAGE(Q17:Q18) -> 55.171777
B18: ='2.1. DM'!B18 -> 8 | C18: ='2.1. DM'!C18 -> 46041 | D18: ='2.1. DM'!D18 -> Genbank | E18: ='2.1. DM'!E18 -> 27 | F18: ='2.1. DM'!F18 -> F251731 | G18: ='2.1. DM'!G18 -> CIAT-13710 | H18: ='2.1. DM'!H18 -> Dendrolobium | I18: ='2.1. DM'!I18 -> lanceolatum | ... O18: ='2.1. DM'!O18 -> OT-010 (2025) | P18: B | Q18: 56.755987
B19: ='2.1. DM'!B19 -> 9 | C19: ='2.1. DM'!C19 -> 46041 | D19: ='2.1. DM'!D19 -> Genbank | E19: ='2.1. DM'!E19 -> 27 | F19: ='2.1. DM'!F19 -> F251732 | G19: ='2.1. DM'!G19 -> CIAT-22004 | H19: ='2.1. DM'!H19 -> Dendrolobium | I19: ='2.1. DM'!I19 -> triangulare | ... O19: ='2.1. DM'!O19 -> OT-010 (2025) | P19: A | Q19: 49.288703 | R19: =AVERAGE(Q19:Q20) -> 49.203135
B20: ='2.1. DM'!B20 -> 10 | C20: ='2.1. DM'!C20 -> 46041 | D20: ='2.1. DM'!D20 -> Genbank | E20: ='2.1. DM'!E20 -> 27 | F20: ='2.1. DM'!F20 -> F251732 | G20: ='2.1. DM'!G20 -> CIAT-22004 | H20: ='2.1. DM'!H20 -> Dendrolobium | I20: ='2.1. DM'!I20 -> triangulare | ... O20: ='2.1. DM'!O20 -> OT-010 (2025) | P20: B | Q20: 49.117567
B21: ='2.1. DM'!B21 -> 11 | C21: ='2.1. DM'!C21 -> 46041 | D21: ='2.1. DM'!D21 -> Genbank | E21: ='2.1. DM'!E21 -> 27 | F21: ='2.1. DM'!F21 -> F251733 | G21: ='2.1. DM'!G21 -> CIAT-23104 | H21: ='2.1. DM'!H21 -> Dendrolobium | I21: ='2.1. DM'!I21 -> triangulare | ... O21: ='2.1. DM'!O21 -> OT-010 (2025) | P21: A | Q21: 55.829591 | R21: =AVERAGE(Q21:Q22) -> 57.005039
B22: ='2.1. DM'!B22 -> 12 | C22: ='2.1. DM'!C22 -> 46041 | D22: ='2.1. DM'!D22 -> Genbank | E22: ='2.1. DM'!E22 -> 27 | F22: ='2.1. DM'!F22 -> F251733 | G22: ='2.1. DM'!G22 -> CIAT-23104 | H22: ='2.1. DM'!H22 -> Dendrolobium | I22: ='2.1. DM'!I22 -> triangulare | ... O22: ='2.1. DM'!O22 -> OT-010 (2025) | P22: B | Q22: 58.180487
B23: ='2.1. DM'!B23 -> 13 | C23: ='2.1. DM'!C23 -> 46041 | D23: ='2.1. DM'!D23 -> Genbank | E23: ='2.1. DM'!E23 -> 27 | F23: ='2.1. DM'!F23 -> F251734 | G23: ='2.1. DM'!G23 -> CIAT-23106 | H23: ='2.1. DM'!H23 -> Dendrolobium | I23: ='2.1. DM'!I23 -> triangulare | ... O23: ='2.1. DM'!O23 -> OT-010 (2025) | P23: A | Q23: 56.170696 | R23: =AVERAGE(Q23:Q24) -> 55.750985
B24: ='2.1. DM'!B24 -> 14 | C24: ='2.1. DM'!C24 -> 46041 | D24: ='2.1. DM'!D24 -> Genbank | E24: ='2.1. DM'!E24 -> 27 | F24: ='2.1. DM'!F24 -> F251734 | G24: ='2.1. DM'!G24 -> CIAT-23106 | H24: ='2.1. DM'!H24 -> Dendrolobium | I24: ='2.1. DM'!I24 -> triangulare | ... O24: ='2.1. DM'!O24 -> OT-010 (2025) | P24: B | Q24: 55.331274
B25: ='2.1. DM'!B25 -> 15 | C25: ='2.1. DM'!C25 -> 46041 | D25: ='2.1. DM'!D25 -> Genbank | E25: ='2.1. DM'!E25 -> 27 | F25: ='2.1. DM'!F25 -> F251735 | G25: ='2.1. DM'!G25 -> CIAT-23107 | H25: ='2.1. DM'!H25 -> Dendrolobium | I25: ='2.1. DM'!I25 -> triangulare | ... O25: ='2.1. DM'!O25 -> OT-010 (2025) | P25: A | Q25: 51.066966 | R25: =AVERAGE(Q25:Q26) -> 51.070862
B26: ='2.1. DM'!B26 -> 16 | C26: ='2.1. DM'!C26 -> 46041 | D26: ='2.1. DM'!D26 -> Genbank | E26: ='2.1. DM'!E26 -> 27 | F26: ='2.1. DM'!F26 -> F251735 | G26: ='2.1. DM'!G26 -> CIAT-23107 | H26: ='2.1. DM'!H26 -> Dendrolobium | I26: ='2.1. DM'!I26 -> triangulare | ... O26: ='2.1. DM'!O26 -> OT-010 (2025) | P26: B | Q26: 51.074758
B27: ='2.1. DM'!B27 -> 17 | C27: ='2.1. DM'!C27 -> 46041 | D27: ='2.1. DM'!D27 -> Genbank | E27: ='2.1. DM'!E27 -> 27 | F27: ='2.1. DM'!F27 -> F251736 | G27: ='2.1. DM'!G27 -> CIAT-23108 | H27: ='2.1. DM'!H27 -> Dendrolobium | I27: ='2.1. DM'!I27 -> triangulare | ... O27: ='2.1. DM'!O27 -> OT-010 (2025) | P27: A | Q27: 58.313248 | R27: =AVERAGE(Q27:Q28) -> 58.167411
B28: ='2.1. DM'!B28 -> 18 | C28: ='2.1. DM'!C28 -> 46041 | D28: ='2.1. DM'!D28 -> Genbank | E28: ='2.1. DM'!E28 -> 27 | F28: ='2.1. DM'!F28 -> F251736 | G28: ='2.1. DM'!G28 -> CIAT-23108 | H28: ='2.1. DM'!H28 -> Dendrolobium | I28: ='2.1. DM'!I28 -> triangulare | ... O28: ='2.1. DM'!O28 -> OT-010 (2025) | P28: B | Q28: 58.021575
B29: ='2.1. DM'!B29 -> 19 | C29: ='2.1. DM'!C29 -> 46041 | D29: ='2.1. DM'!D29 -> Genbank | E29: ='2.1. DM'!E29 -> 27 | F29: ='2.1. DM'!F29 -> F251737 | G29: ='2.1. DM'!G29 -> CIAT-23412 | H29: ='2.1. DM'!H29 -> Dendrolobium | I29: ='2.1. DM'!I29 -> triangulare | ... O29: ='2.1. DM'!O29 -> OT-010 (2025) | P29: A | Q29: 49.559883 | R29: =AVERAGE(Q29:Q30) -> 50.97707
B30: ='2.1. DM'!B30 -> 20 | C30: ='2.1. DM'!C30 -> 46041 | D30: ='2.1. DM'!D30 -> Genbank | E30: ='2.1. DM'!E30 -> 27 | F30: ='2.1. DM'!F30 -> F251737 | G30: ='2.1. DM'!G30 -> CIAT-23412 | H30: ='2.1. DM'!H30 -> Dendrolobium | I30: ='2.1. DM'!I30 -> triangulare | ... O30: ='2.1. DM'!O30 -> OT-010 (2025) | P30: B | Q30: 52.394257
B31: ='2.1. DM'!B31 -> 21 | C31: ='2.1. DM'!C31 -> 46041 | D31: ='2.1. DM'!D31 -> Genbank | E31: ='2.1. DM'!E31 -> 27 | F31: ='2.1. DM'!F31 -> F251738 | G31: ='2.1. DM'!G31 -> CIAT-23413 | H31: ='2.1. DM'!H31 -> Dendrolobium | I31: ='2.1. DM'!I31 -> triangulare | ... O31: ='2.1. DM'!O31 -> OT-010 (2025) | P31: A | Q31: 53.271333 | R31: =AVERAGE(Q31:Q32) -> 54.591147
B32: ='2.1. DM'!B32 -> 22 | C32: ='2.1. DM'!C32 -> 46041 | D32: ='2.1. DM'!D32 -> Genbank | E32: ='2.1. DM'!E32 -> 27 | F32: ='2.1. DM'!F32 -> F251738 | G32: ='2.1. DM'!G32 -> CIAT-23413 | H32: ='2.1. DM'!H32 -> Dendrolobium | I32: ='2.1. DM'!I32 -> triangulare | ... O32: ='2.1. DM'!O32 -> OT-010 (2025) | P32: B | Q32: 55.910961
B33: ='2.1. DM'!B33 -> 23 | C33: ='2.1. DM'!C33 -> 46041 | D33: ='2.1. DM'!D33 -> Genbank | E33: ='2.1. DM'!E33 -> 27 | F33: ='2.1. DM'!F33 -> F251739 | G33: ='2.1. DM'!G33 -> CIAT-23419 | H33: ='2.1. DM'!H33 -> Dendrolobium | I33: ='2.1. DM'!I33 -> triangulare | ... O33: ='2.1. DM'!O33 -> OT-010 (2025) | P33: A | Q33: 56.136356 | R33: =AVERAGE(Q33:Q34) -> 56.434424
B34: ='2.1. DM'!B34 -> 24 | C34: ='2.1. DM'!C34 -> 46041 | D34: ='2.1. DM'!D34 -> Genbank | E34: ='2.1. DM'!E34 -> 27 | F34: ='2.1. DM'!F34 -> F251739 | G34: ='2.1. DM'!G34 -> CIAT-23419 | H34: ='2.1. DM'!H34 -> Dendrolobium | I34: ='2.1. DM'!I34 -> triangulare | ... O34: ='2.1. DM'!O34 -> OT-010 (2025) | P34: B | Q34: 56.732492
B35: ='2.1. DM'!B35 -> 25 | C35: ='2.1. DM'!C35 -> 46041 | D35: ='2.1. DM'!D35 -> Genbank | E35: ='2.1. DM'!E35 -> 27 | F35: ='2.1. DM'!F35 -> F251740 | G35: ='2.1. DM'!G35 -> CIAT-23422 | H35: ='2.1. DM'!H35 -> Dendrolobium | I35: ='2.1. DM'!I35 -> triangulare | ... O35: ='2.1. DM'!O35 -> OT-010 (2025) | P35: A | Q35: 52.996015 | R35: =AVERAGE(Q35:Q36) -> 54.629756
B36: ='2.1. DM'!B36 -> 26 | C36: ='2.1. DM'!C36 -> 46041 | D36: ='2.1. DM'!D36 -> Genbank | E36: ='2.1. DM'!E36 -> 27 | F36: ='2.1. DM'!F36 -> F251740 | G36: ='2.1. DM'!G36 -> CIAT-23422 | H36: ='2.1. DM'!H36 -> Dendrolobium | I36: ='2.1. DM'!I36 -> triangulare | ... O36: ='2.1. DM'!O36 -> OT-010 (2025) | P36: B | Q36: 56.263497
B37: ='2.1. DM'!B37 -> 27 | C37: ='2.1. DM'!C37 -> 46041 | D37: ='2.1. DM'!D37 -> Genbank | E37: ='2.1. DM'!E37 -> 27 | F37: ='2.1. DM'!F37 -> F251741 | G37: ='2.1. DM'!G37 -> CIAT-23734 | H37: ='2.1. DM'!H37 -> Dendrolobium | I37: ='2.1. DM'!I37 -> triangulare | ... O37: ='2.1. DM'!O37 -> OT-010 (2025) | P37: A | Q37: 46.542858 | R37: =AVERAGE(Q37:Q38) -> 47.219601
B38: ='2.1. DM'!B38 -> 28 | C38: ='2.1. DM'!C38 -> 46041 | D38: ='2.1. DM'!D38 -> Genbank | E38: ='2.1. DM'!E38 -> 27 | F38: ='2.1. DM'!F38 -> F251741 | G38: ='2.1. DM'!G38 -> CIAT-23734 | H38: ='2.1. DM'!H38 -> Dendrolobium | I38: ='2.1. DM'!I38 -> triangulare | ... O38: ='2.1. DM'!O38 -> OT-010 (2025) | P38: B | Q38: 47.896344
B39: ='2.1. DM'!B39 -> 29 | C39: ='2.1. DM'!C39 -> 46041 | D39: ='2.1. DM'!D39 -> Genbank | E39: ='2.1. DM'!E39 -> 27 | F39: ='2.1. DM'!F39 -> F251742 | G39: ='2.1. DM'!G39 -> CIAT-23932 | H39: ='2.1. DM'!H39 -> Dendrolobium | I39: ='2.1. DM'!I39 -> triangulare | ... O39: ='2.1. DM'!O39 -> OT-010 (2025) | P39: A | Q39: 48.776254 | R39: =AVERAGE(Q39:Q40) -> 49.892249
B40: ='2.1. DM'!B40 -> 30 | C40: ='2.1. DM'!C40 -> 46041 | D40: ='2.1. DM'!D40 -> Genbank | E40: ='2.1. DM'!E40 -> 27 | F40: ='2.1. DM'!F40 -> F251742 | G40: ='2.1. DM'!G40 -> CIAT-23932 | H40: ='2.1. DM'!H40 -> Dendrolobium | I40: ='2.1. DM'!I40 -> triangulare | ... O40: ='2.1. DM'!O40 -> OT-010 (2025) | P40: B | Q40: 51.008243
B41: ='2.1. DM'!B41 -> 31 | C41: ='2.1. DM'!C41 -> 46041 | D41: ='2.1. DM'!D41 -> Genbank | E41: ='2.1. DM'!E41 -> 27 | F41: ='2.1. DM'!F41 -> F251743 | G41: ='2.1. DM'!G41 -> CIAT-23933 | H41: ='2.1. DM'!H41 -> Dendrolobium | I41: ='2.1. DM'!I41 -> triangulare | ... O41: ='2.1. DM'!O41 -> OT-010 (2025) | P41: A | Q41: 47.918116 | R41: =AVERAGE(Q41:Q42) -> 49.308484
B42: ='2.1. DM'!B42 -> 32 | C42: ='2.1. DM'!C42 -> 46041 | D42: ='2.1. DM'!D42 -> Genbank | E42: ='2.1. DM'!E42 -> 27 | F42: ='2.1. DM'!F42 -> F251743 | G42: ='2.1. DM'!G42 -> CIAT-23933 | H42: ='2.1. DM'!H42 -> Dendrolobium | I42: ='2.1. DM'!I42 -> triangulare | ... O42: ='2.1. DM'!O42 -> OT-010 (2025) | P42: B | Q42: 50.698851
B43: ='2.1. DM'!B43 -> 33 | C43: ='2.1. DM'!C43 -> 46041 | D43: ='2.1. DM'!D43 -> Genbank | E43: ='2.1. DM'!E43 -> 27 | F43: ='2.1. DM'!F43 -> F251744 | G43: ='2.1. DM'!G43 -> CIAT-23934 | H43: ='2.1. DM'!H43 -> Dendrolobium | I43: ='2.1. DM'!I43 -> triangulare | ... O43: ='2.1. DM'!O43 -> OT-010 (2025) | P43: A | Q43: 42.440537 | R43: =AVERAGE(Q43:Q44) -> 43.737007
B44: ='2.1. DM'!B44 -> 34 | C44: ='2.1. DM'!C44 -> 46041 | D44: ='2.1. DM'!D44 -> Genbank | E44: ='2.1. DM'!E44 -> 27 | F44: ='2.1. DM'!F44 -> F251744 | G44: ='2.1. DM'!G44 -> CIAT-23934 | H44: ='2.1. DM'!H44 -> Dendrolobium | I44: ='2.1. DM'!I44 -> triangulare | ... O44: ='2.1. DM'!O44 -> OT-010 (2025) | P44: B | Q44: 45.033478
B45: ='2.1. DM'!B45 -> 35 | C45: ='2.1. DM'!C45 -> 46041 | D45: ='2.1. DM'!D45 -> Genbank | E45: ='2.1. DM'!E45 -> 27 | F45: ='2.1. DM'!F45 -> F251745 | G45: ='2.1. DM'!G45 -> CIAT-23936 | H45: ='2.1. DM'!H45 -> Dendrolobium | I45: ='2.1. DM'!I45 -> triangulare | ... O45: ='2.1. DM'!O45 -> OT-010 (2025) | P45: A | Q45: 48.068153 | R45: =AVERAGE(Q45:Q46) -> 49.209675
B46: ='2.1. DM'!B46 -> 36 | C46: ='2.1. DM'!C46 -> 46041 | D46: ='2.1. DM'!D46 -> Genbank | E46: ='2.1. DM'!E46 -> 27 | F46: ='2.1. DM'!F46 -> F251745 | G46: ='2.1. DM'!G46 -> CIAT-23936 | H46: ='2.1. DM'!H46 -> Dendrolobium | I46: ='2.1. DM'!I46 -> triangulare | ... O46: ='2.1. DM'!O46 -> OT-010 (2025) | P46: B | Q46: 50.351197
B47: ='2.1. DM'!B47 -> 37 | C47: ='2.1. DM'!C47 -> 46041 | D47: ='2.1. DM'!D47 -> Genbank | E47: ='2.1. DM'!E47 -> 27 | F47: ='2.1. DM'!F47 -> F251746 | G47: ='2.1. DM'!G47 -> CIAT-33119 | H47: ='2.1. DM'!H47 -> Dendrolobium | I47: ='2.1. DM'!I47 -> triangulare | ... O47: ='2.1. DM'!O47 -> OT-010 (2025) | P47: A | Q47: 41.534199 | R47: =AVERAGE(Q47:Q48) -> 40.977473
B48: ='2.1. DM'!B48 -> 38 | C48: ='2.1. DM'!C48 -> 46041 | D48: ='2.1. DM'!D48 -> Genbank | E48: ='2.1. DM'!E48 -> 27 | F48: ='2.1. DM'!F48 -> F251746 | G48: ='2.1. DM'!G48 -> CIAT-33119 | H48: ='2.1. DM'!H48 -> Dendrolobium | I48: ='2.1. DM'!I48 -> triangulare | ... O48: ='2.1. DM'!O48 -> OT-010 (2025) | P48: B | Q48: 40.420747
B49: ='2.1. DM'!B49 -> 39 | C49: ='2.1. DM'!C49 -> 46041 | D49: ='2.1. DM'!D49 -> Genbank | E49: ='2.1. DM'!E49 -> 27 | F49: ='2.1. DM'!F49 -> F251747 | G49: ='2.1. DM'!G49 -> CIAT-33383 | H49: ='2.1. DM'!H49 -> Dendrolobium | I49: ='2.1. DM'!I49 -> sp. | ... O49: ='2.1. DM'!O49 -> OT-010 (2025) | P49: A | Q49: 46.509 | R49: =AVERAGE(Q49:Q50) -> 47.338086
B50: ='2.1. DM'!B50 -> 40 | C50: ='2.1. DM'!C50 -> 46041 | D50: ='2.1. DM'!D50 -> Genbank | E50: ='2.1. DM'!E50 -> 27 | F50: ='2.1. DM'!F50 -> F251747 | G50: ='2.1. DM'!G50 -> CIAT-33383 | H50: ='2.1. DM'!H50 -> Dendrolobium | I50: ='2.1. DM'!I50 -> sp. | ... O50: ='2.1. DM'!O50 -> OT-010 (2025) | P50: B | Q50: 48.167172
B51: ='2.1. DM'!B51 -> 41 | C51: ='2.1. DM'!C51 -> 46041 | D51: ='2.1. DM'!D51 -> Genbank | E51: ='2.1. DM'!E51 -> 27 | F51: ='2.1. DM'!F51 -> F251748 | G51: ='2.1. DM'!G51 -> CIAT-33402 | H51: ='2.1. DM'!H51 -> Dendrolobium | I51: ='2.1. DM'!I51 -> triangulare | ... O51: ='2.1. DM'!O51 -> OT-010 (2025) | P51: A | Q51: 45.174734 | R51: =AVERAGE(Q51:Q52) -> 45.1816
B52: ='2.1. DM'!B52 -> 42 | C52: ='2.1. DM'!C52 -> 46041 | D52: ='2.1. DM'!D52 -> Genbank | E52: ='2.1. DM'!E52 -> 27 | F52: ='2.1. DM'!F52 -> F251748 | G52: ='2.1. DM'!G52 -> CIAT-33402 | H52: ='2.1. DM'!H52 -> Dendrolobium | I52: ='2.1. DM'!I52 -> triangulare | ... O52: ='2.1. DM'!O52 -> OT-010 (2025) | P52: B | Q52: 45.188466
B53: ='2.1. DM'!B53 -> 43 | C53: ='2.1. DM'!C53 -> 46041 | D53: ='2.1. DM'!D53 -> Genbank | E53: ='2.1. DM'!E53 -> 27 | F53: ='2.1. DM'!F53 -> F251749 | G53: ='2.1. DM'!G53 -> CIAT-33508 | H53: ='2.1. DM'!H53 -> Dendrolobium | I53: ='2.1. DM'!I53 -> umbellatum | ... O53: ='2.1. DM'!O53 -> OT-010 (2025) | P53: A | Q53: 44.315203 | R53: =AVERAGE(Q53:Q54) -> 45.811664
B54: ='2.1. DM'!B54 -> 44 | C54: ='2.1. DM'!C54 -> 46041 | D54: ='2.1. DM'!D54 -> Genbank | E54: ='2.1. DM'!E54 -> 27 | F54: ='2.1. DM'!F54 -> F251749 | G54: ='2.1. DM'!G54 -> CIAT-33508 | H54: ='2.1. DM'!H54 -> Dendrolobium | I54: ='2.1. DM'!I54 -> umbellatum | ... O54: ='2.1. DM'!O54 -> OT-010 (2025) | P54: B | Q54: 47.308124
B55: ='2.1. DM'!B55 -> 45 | C55: ='2.1. DM'!C55 -> 46041 | D55: ='2.1. DM'!D55 -> Genbank | E55: ='2.1. DM'!E55 -> 27 | F55: ='2.1. DM'!F55 -> F251750 | G55: ='2.1. DM'!G55 -> CIAT-33515 | H55: ='2.1. DM'!H55 -> Dendrolobium | I55: ='2.1. DM'!I55 -> triangulare | ... O55: ='2.1. DM'!O55 -> OT-010 (2025) | P55: A | Q55: 50.956054 | R55: =AVERAGE(Q55:Q56) -> 51.470995
B56: ='2.1. DM'!B56 -> 46 | C56: ='2.1. DM'!C56 -> 46041 | D56: ='2.1. DM'!D56 -> Genbank | E56: ='2.1. DM'!E56 -> 27 | F56: ='2.1. DM'!F56 -> F251750 | G56: ='2.1. DM'!G56 -> CIAT-33515 | H56: ='2.1. DM'!H56 -> Dendrolobium | I56: ='2.1. DM'!I56 -> triangulare | ... O56: ='2.1. DM'!O56 -> OT-010 (2025) | P56: B | Q56: 51.985936
B57: ='2.1. DM'!B57 -> 47 | C57: ='2.1. DM'!C57 -> 46041 | D57: ='2.1. DM'!D57 -> Genbank | E57: ='2.1. DM'!E57 -> 27 | F57: ='2.1. DM'!F57 -> F251751 | G57: ='2.1. DM'!G57 -> CIAT-7353 | H57: ='2.1. DM'!H57 -> Prosopis | I57: ='2.1. DM'!I57 -> juliflora | ... O57: ='2.1. DM'!O57 -> OT-010 (2025) | P57: A | Q57: 28.99544 | R57: =AVERAGE(Q57:Q58) -> 29.377469
B58: ='2.1. DM'!B58 -> 48 | C58: ='2.1. DM'!C58 -> 46041 | D58: ='2.1. DM'!D58 -> Genbank | E58: ='2.1. DM'!E58 -> 27 | F58: ='2.1. DM'!F58 -> F251751 | G58: ='2.1. DM'!G58 -> CIAT-7353 | H58: ='2.1. DM'!H58 -> Prosopis | I58: ='2.1. DM'!I58 -> juliflora | ... O58: ='2.1. DM'!O58 -> OT-010 (2025) | P58: B | Q58: 29.759499
B59: ='2.1. DM'!B59 -> 49 | C59: ='2.1. DM'!C59 -> 46041 | D59: ='2.1. DM'!D59 -> Genbank | E59: ='2.1. DM'!E59 -> 27 | F59: ='2.1. DM'!F59 -> F251752 | G59: ='2.1. DM'!G59 -> CIAT-7976 | H59: ='2.1. DM'!H59 -> Cassia | I59: ='2.1. DM'!I59 -> sp. | ... O59: ='2.1. DM'!O59 -> OT-010 (2025) | P59: A | Q59: 38.508303 | R59: =AVERAGE(Q59:Q60) -> 39.538957
B60: ='2.1. DM'!B60 -> 50 | C60: ='2.1. DM'!C60 -> 46041 | D60: ='2.1. DM'!D60 -> Genbank | E60: ='2.1. DM'!E60 -> 27 | F60: ='2.1. DM'!F60 -> F251752 | G60: ='2.1. DM'!G60 -> CIAT-7976 | H60: ='2.1. DM'!H60 -> Cassia | I60: ='2.1. DM'!I60 -> sp. | ... O60: ='2.1. DM'!O60 -> OT-010 (2025) | P60: B | Q60: 40.569612
B61: ='2.1. DM'!B61 -> 51 | C61: ='2.1. DM'!C61 -> 46041 | D61: ='2.1. DM'!D61 -> Genbank | E61: ='2.1. DM'!E61 -> 27 | F61: ='2.1. DM'!F61 -> F251753 | G61: ='2.1. DM'!G61 -> CIAT-8018 | H61: ='2.1. DM'!H61 -> Acacia | I61: ='2.1. DM'!I61 -> aroma | ... O61: ='2.1. DM'!O61 -> OT-010 (2025) | P61: A | Q61: 57.853846 | R61: =AVERAGE(Q61:Q62) -> 58.526711
B62: ='2.1. DM'!B62 -> 52 | C62: ='2.1. DM'!C62 -> 46041 | D62: ='2.1. DM'!D62 -> Genbank | E62: ='2.1. DM'!E62 -> 27 | F62: ='2.1. DM'!F62 -> F251753 | G62: ='2.1. DM'!G62 -> CIAT-8018 | H62: ='2.1. DM'!H62 -> Acacia | I62: ='2.1. DM'!I62 -> aroma | ... O62: ='2.1. DM'!O62 -> OT-010 (2025) | P62: B | Q62: 59.199576
B63: ='2.1. DM'!B63 -> 53 | C63: ='2.1. DM'!C63 -> 46041 | D63: ='2.1. DM'!D63 -> Genbank | E63: ='2.1. DM'!E63 -> 27 | F63: ='2.1. DM'!F63 -> F251754 | G63: ='2.1. DM'!G63 -> CIAT-9990 | H63: ='2.1. DM'!H63 -> Prosopis | I63: ='2.1. DM'!I63 -> juliflora | ... O63: ='2.1. DM'!O63 -> OT-010 (2025) | P63: A | Q63: 28.740805 | R63: =AVERAGE(Q63:Q64) -> 28.642297
B64: ='2.1. DM'!B64 -> 54 | C64: ='2.1. DM'!C64 -> 46041 | D64: ='2.1. DM'!D64 -> Genbank | E64: ='2.1. DM'!E64 -> 27 | F64: ='2.1. DM'!F64 -> F251754 | G64: ='2.1. DM'!G64 -> CIAT-9990 | H64: ='2.1. DM'!H64 -> Prosopis | I64: ='2.1. DM'!I64 -> juliflora | ... O64: ='2.1. DM'!O64 -> OT-010 (2025) | P64: B | Q64: 28.54379
B65: ='2.1. DM'!B65 -> 55 | C65: ='2.1. DM'!C65 -> 46041 | D65: ='2.1. DM'!D65 -> Genbank | E65: ='2.1. DM'!E65 -> 27 | F65: ='2.1. DM'!F65 -> F251755 | G65: ='2.1. DM'!G65 -> CIAT-13258 | H65: ='2.1. DM'!H65 -> Dendrolobium | I65: ='2.1. DM'!I65 -> lanceolatum | ... O65: ='2.1. DM'!O65 -> OT-010 (2025) | P65: A | Q65: 53.990401 | R65: =AVERAGE(Q65:Q66) -> 54.957144
B66: ='2.1. DM'!B66 -> 56 | C66: ='2.1. DM'!C66 -> 46041 | D66: ='2.1. DM'!D66 -> Genbank | E66: ='2.1. DM'!E66 -> 27 | F66: ='2.1. DM'!F66 -> F251755 | G66: ='2.1. DM'!G66 -> CIAT-13258 | H66: ='2.1. DM'!H66 -> Dendrolobium | I66: ='2.1. DM'!I66 -> lanceolatum | ... O66: ='2.1. DM'!O66 -> OT-010 (2025) | P66: B | Q66: 55.923887
B67: ='2.1. DM'!B67 -> 57 | C67: ='2.1. DM'!C67 -> 46041 | D67: ='2.1. DM'!D67 -> Genbank | E67: ='2.1. DM'!E67 -> 27 | F67: ='2.1. DM'!F67 -> F251756 | G67: ='2.1. DM'!G67 -> CIAT-13260 | H67: ='2.1. DM'!H67 -> Dendrolobium | I67: ='2.1. DM'!I67 -> lanceolatum | ... O67: ='2.1. DM'!O67 -> OT-010 (2025) | P67: A | Q67: 57.398418 | R67: =AVERAGE(Q67:Q68) -> 57.392577
B68: ='2.1. DM'!B68 -> 58 | C68: ='2.1. DM'!C68 -> 46041 | D68: ='2.1. DM'!D68 -> Genbank | E68: ='2.1. DM'!E68 -> 27 | F68: ='2.1. DM'!F68 -> F251756 | G68: ='2.1. DM'!G68 -> CIAT-13260 | H68: ='2.1. DM'!H68 -> Dendrolobium | I68: ='2.1. DM'!I68 -> lanceolatum | ... O68: ='2.1. DM'!O68 -> OT-010 (2025) | P68: B | Q68: 57.386735
B69: ='2.1. DM'!B69 -> 59 | C69: ='2.1. DM'!C69 -> 46041 | D69: ='2.1. DM'!D69 -> Genbank | E69: ='2.1. DM'!E69 -> 27 | F69: ='2.1. DM'!F69 -> F251757 | G69: ='2.1. DM'!G69 -> CIAT-17263 | H69: ='2.1. DM'!H69 -> Leucaena | I69: ='2.1. DM'!I69 -> leucocephala | ... O69: ='2.1. DM'!O69 -> OT-010 (2025) | P69: A | Q69: 36.709313 | R69: =AVERAGE(Q69:Q70) -> 36.267308
B70: ='2.1. DM'!B70 -> 60 | C70: ='2.1. DM'!C70 -> 46041 | D70: ='2.1. DM'!D70 -> Genbank | E70: ='2.1. DM'!E70 -> 27 | F70: ='2.1. DM'!F70 -> F251757 | G70: ='2.1. DM'!G70 -> CIAT-17263 | H70: ='2.1. DM'!H70 -> Leucaena | I70: ='2.1. DM'!I70 -> leucocephala | ... O70: ='2.1. DM'!O70 -> OT-010 (2025) | P70: B | Q70: 35.825304
B71: ='2.1. DM'!B71 -> 61 | C71: ='2.1. DM'!C71 -> 46041 | D71: ='2.1. DM'!D71 -> Isabel Molina | E71: ='2.1. DM'!E71 -> 27 | F71: ='2.1. DM'!F71 -> F252640 | G71: ='2.1. DM'!G71 -> Cayman Br02_1752 | H71: ='2.1. DM'!H71 -> Urochloa | I71: ='2.1. DM'!I71 -> interespecifico | ... O71: ='2.1. DM'!O71 -> OT-034 (2025) | P71: A | Q71: 26.267022 | R71: =AVERAGE(Q71:Q72) -> 26.241816
B72: ='2.1. DM'!B72 -> 62 | C72: ='2.1. DM'!C72 -> 46041 | D72: ='2.1. DM'!D72 -> Isabel Molina | E72: ='2.1. DM'!E72 -> 27 | F72: ='2.1. DM'!F72 -> F252640 | G72: ='2.1. DM'!G72 -> Cayman Br02_1752 | H72: ='2.1. DM'!H72 -> Urochloa | I72: ='2.1. DM'!I72 -> interespecifico | ... O72: ='2.1. DM'!O72 -> OT-034 (2025) | P72: B | Q72: 26.216609
B73: ='2.1. DM'!B73 -> 63 | C73: ='2.1. DM'!C73 -> 46041 | D73: ='2.1. DM'!D73 -> Mauricio Sotelo | E73: ='2.1. DM'!E73 -> 27 | F73: ='2.1. DM'!F73 -> F252641 | G73: ='2.1. DM'!G73 -> N/A | H73: ='2.1. DM'!H73 -> Gliricidia | I73: ='2.1. DM'!I73 -> sepium | ... O73: ='2.1. DM'!O73 -> OT-035 (2025) | P73: A | Q73: 22.47 | R73: =AVERAGE(Q73:Q74) -> 21.94
B74: ='2.1. DM'!B74 -> 64 | C74: ='2.1. DM'!C74 -> 46041 | D74: ='2.1. DM'!D74 -> Mauricio Sotelo | E74: ='2.1. DM'!E74 -> 27 | F74: ='2.1. DM'!F74 -> F252641 | G74: ='2.1. DM'!G74 -> N/A | H74: ='2.1. DM'!H74 -> Gliricidia | I74: ='2.1. DM'!I74 -> sepium | ... O74: ='2.1. DM'!O74 -> OT-035 (2025) | P74: B | Q74: 21.41
B75: ='2.1. DM'!B75 -> 65 | C75: ='2.1. DM'!C75 -> 46041 | D75: ='2.1. DM'!D75 -> Jacobo Arango/Alejandro Montoya | E75: ='2.1. DM'!E75 -> 27 | F75: ='2.1. DM'!F75 -> F250008 | G75: ='2.1. DM'!G75 -> Sample 8 | H75: ='2.1. DM'!H75 -> Cynodon | I75: ='2.1. DM'!I75 -> nlemfuensis | ... O75: ='2.1. DM'!O75 -> OT-002 | P75: A | R75: 37.8
B76: ='2.1. DM'!B76 -> 66 | C76: ='2.1. DM'!C76 -> 46041 | D76: ='2.1. DM'!D76 -> Jacobo Arango/Alejandro Montoya | E76: ='2.1. DM'!E76 -> 27 | F76: ='2.1. DM'!F76 -> F250008 | G76: ='2.1. DM'!G76 -> Sample 8 | H76: ='2.1. DM'!H76 -> Cynodon | I76: ='2.1. DM'!I76 -> nlemfuensis | ... O76: ='2.1. DM'!O76 -> OT-002 | P76: B
B77: ='2.1. DM'!B77 -> 67 | C77: ='2.1. DM'!C77 -> 46048 | D77: ='2.1. DM'!D77 -> Genbank | E77: ='2.1. DM'!E77 -> 28 | F77: ='2.1. DM'!F77 -> F251758 | G77: ='2.1. DM'!G77 -> CIAT-17459 | H77: ='2.1. DM'!H77 -> Erythrina | I77: ='2.1. DM'!I77 -> berteroana | ... O77: ='2.1. DM'!O77 -> OT-010 | P77: A | Q77: 37.936299 | R77: =AVERAGE(Q77:Q78) -> 38.255379
B78: ='2.1. DM'!B78 -> 68 | C78: ='2.1. DM'!C78 -> 46048 | D78: ='2.1. DM'!D78 -> Genbank | E78: ='2.1. DM'!E78 -> 28 | F78: ='2.1. DM'!F78 -> F251758 | G78: ='2.1. DM'!G78 -> CIAT-17459 | H78: ='2.1. DM'!H78 -> Erythrina | I78: ='2.1. DM'!I78 -> berteroana | ... O78: ='2.1. DM'!O78 -> OT-010 | P78: B | Q78: 38.574458
B79: ='2.1. DM'!B79 -> 69 | C79: ='2.1. DM'!C79 -> 46048 | D79: ='2.1. DM'!D79 -> Genbank | E79: ='2.1. DM'!E79 -> 28 | F79: ='2.1. DM'!F79 -> F251759 | G79: ='2.1. DM'!G79 -> CIAT-17482 | H79: ='2.1. DM'!H79 -> Leucaena | I79: ='2.1. DM'!I79 -> leucocephala | ... O79: ='2.1. DM'!O79 -> OT-010 | P79: A | Q79: 32.666747 | R79: =AVERAGE(Q79:Q80) -> 33.112273
B80: ='2.1. DM'!B80 -> 70 | C80: ='2.1. DM'!C80 -> 46048 | D80: ='2.1. DM'!D80 -> Genbank | E80: ='2.1. DM'!E80 -> 28 | F80: ='2.1. DM'!F80 -> F251759 | G80: ='2.1. DM'!G80 -> CIAT-17482 | H80: ='2.1. DM'!H80 -> Leucaena | I80: ='2.1. DM'!I80 -> leucocephala | ... O80: ='2.1. DM'!O80 -> OT-010 | P80: B | Q80: 33.5578
B81: ='2.1. DM'!B81 -> 71 | C81: ='2.1. DM'!C81 -> 46048 | D81: ='2.1. DM'!D81 -> Genbank | E81: ='2.1. DM'!E81 -> 28 | F81: ='2.1. DM'!F81 -> F251760 | G81: ='2.1. DM'!G81 -> CIAT-17502 | H81: ='2.1. DM'!H81 -> Leucaena | I81: ='2.1. DM'!I81 -> leucocephala | ... O81: ='2.1. DM'!O81 -> OT-010 | P81: A | Q81: 36.63351 | R81: =AVERAGE(Q81:Q82) -> 35.484542
B82: ='2.1. DM'!B82 -> 72 | C82: ='2.1. DM'!C82 -> 46048 | D82: ='2.1. DM'!D82 -> Genbank | E82: ='2.1. DM'!E82 -> 28 | F82: ='2.1. DM'!F82 -> F251760 | G82: ='2.1. DM'!G82 -> CIAT-17502 | H82: ='2.1. DM'!H82 -> Leucaena | I82: ='2.1. DM'!I82 -> leucocephala | ... O82: ='2.1. DM'!O82 -> OT-010 | P82: B | Q82: 34.335574
B83: ='2.1. DM'!B83 -> 73 | C83: ='2.1. DM'!C83 -> 46048 | D83: ='2.1. DM'!D83 -> Genbank | E83: ='2.1. DM'!E83 -> 28 | F83: ='2.1. DM'!F83 -> F251761 | G83: ='2.1. DM'!G83 -> CIAT-19384 | H83: ='2.1. DM'!H83 -> Prosopis | I83: ='2.1. DM'!I83 -> juliflora | ... O83: ='2.1. DM'!O83 -> OT-010 | P83: A | Q83: 30.728014 | R83: =AVERAGE(Q83:Q84) -> 31.536903
B84: ='2.1. DM'!B84 -> 74 | C84: ='2.1. DM'!C84 -> 46048 | D84: ='2.1. DM'!D84 -> Genbank | E84: ='2.1. DM'!E84 -> 28 | F84: ='2.1. DM'!F84 -> F251761 | G84: ='2.1. DM'!G84 -> CIAT-19384 | H84: ='2.1. DM'!H84 -> Prosopis | I84: ='2.1. DM'!I84 -> juliflora | ... O84: ='2.1. DM'!O84 -> OT-010 | P84: B | Q84: 32.345793
B85: ='2.1. DM'!B85 -> 75 | C85: ='2.1. DM'!C85 -> 46048 | D85: ='2.1. DM'!D85 -> Genbank | E85: ='2.1. DM'!E85 -> 28 | F85: ='2.1. DM'!F85 -> F251762 | G85: ='2.1. DM'!G85 -> CIAT-19571 | H85: ='2.1. DM'!H85 -> Senna | I85: ='2.1. DM'!I85 -> cobanensis | ... O85: ='2.1. DM'!O85 -> OT-010 | P85: A | Q85: 42.547985 | R85: =AVERAGE(Q85:Q86) -> 42.269415
B86: ='2.1. DM'!B86 -> 76 | C86: ='2.1. DM'!C86 -> 46048 | D86: ='2.1. DM'!D86 -> Genbank | E86: ='2.1. DM'!E86 -> 28 | F86: ='2.1. DM'!F86 -> F251762 | G86: ='2.1. DM'!G86 -> CIAT-19571 | H86: ='2.1. DM'!H86 -> Senna | I86: ='2.1. DM'!I86 -> cobanensis | ... O86: ='2.1. DM'!O86 -> OT-010 | P86: B | Q86: 41.990845
B87: ='2.1. DM'!B87 -> 77 | C87: ='2.1. DM'!C87 -> 46048 | D87: ='2.1. DM'!D87 -> Genbank | E87: ='2.1. DM'!E87 -> 28 | F87: ='2.1. DM'!F87 -> F251763 | G87: ='2.1. DM'!G87 -> CIAT-20126 | H87: ='2.1. DM'!H87 -> Acacia | I87: ='2.1. DM'!I87 -> angustissima | ... O87: ='2.1. DM'!O87 -> OT-010 | P87: A | Q87: 48.097889 | R87: =AVERAGE(Q87:Q88) -> 47.802178
B88: ='2.1. DM'!B88 -> 78 | C88: ='2.1. DM'!C88 -> 46048 | D88: ='2.1. DM'!D88 -> Genbank | E88: ='2.1. DM'!E88 -> 28 | F88: ='2.1. DM'!F88 -> F251763 | G88: ='2.1. DM'!G88 -> CIAT-20126 | H88: ='2.1. DM'!H88 -> Acacia | I88: ='2.1. DM'!I88 -> angustissima | ... O88: ='2.1. DM'!O88 -> OT-010 | P88: B | Q88: 47.506467
B89: ='2.1. DM'!B89 -> 79 | C89: ='2.1. DM'!C89 -> 46048 | D89: ='2.1. DM'!D89 -> Genbank | E89: ='2.1. DM'!E89 -> 28 | F89: ='2.1. DM'!F89 -> F251764 | G89: ='2.1. DM'!G89 -> CIAT-20788 | H89: ='2.1. DM'!H89 -> Senna | I89: ='2.1. DM'!I89 -> pallida | ... O89: ='2.1. DM'!O89 -> OT-010 | P89: A | Q89: 30.232351 | R89: =AVERAGE(Q89:Q90) -> 30.685165
B90: ='2.1. DM'!B90 -> 80 | C90: ='2.1. DM'!C90 -> 46048 | D90: ='2.1. DM'!D90 -> Genbank | E90: ='2.1. DM'!E90 -> 28 | F90: ='2.1. DM'!F90 -> F251764 | G90: ='2.1. DM'!G90 -> CIAT-20788 | H90: ='2.1. DM'!H90 -> Senna | I90: ='2.1. DM'!I90 -> pallida | ... O90: ='2.1. DM'!O90 -> OT-010 | P90: B | Q90: 31.13798
B91: ='2.1. DM'!B91 -> 81 | C91: ='2.1. DM'!C91 -> 46048 | D91: ='2.1. DM'!D91 -> Genbank | E91: ='2.1. DM'!E91 -> 28 | F91: ='2.1. DM'!F91 -> F251765 | G91: ='2.1. DM'!G91 -> CIAT-21242 | H91: ='2.1. DM'!H91 -> Leucaena | I91: ='2.1. DM'!I91 -> diversifolia | ... O91: ='2.1. DM'!O91 -> OT-010 | P91: A | Q91: 45.048344 | R91: =AVERAGE(Q91:Q92) -> 45.755775
B92: ='2.1. DM'!B92 -> 82 | C92: ='2.1. DM'!C92 -> 46048 | D92: ='2.1. DM'!D92 -> Genbank | E92: ='2.1. DM'!E92 -> 28 | F92: ='2.1. DM'!F92 -> F251765 | G92: ='2.1. DM'!G92 -> CIAT-21242 | H92: ='2.1. DM'!H92 -> Leucaena | I92: ='2.1. DM'!I92 -> diversifolia | ... O92: ='2.1. DM'!O92 -> OT-010 | P92: B | Q92: 46.463206
B93: ='2.1. DM'!B93 -> 83 | C93: ='2.1. DM'!C93 -> 46048 | D93: ='2.1. DM'!D93 -> Genbank | E93: ='2.1. DM'!E93 -> 28 | F93: ='2.1. DM'!F93 -> F251766 | G93: ='2.1. DM'!G93 -> CIAT-21512 | H93: ='2.1. DM'!H93 -> Calliandra | I93: ='2.1. DM'!I93 -> calothyrsus | ... O93: ='2.1. DM'!O93 -> OT-010 | P93: A | Q93: 46.571954 | R93: =AVERAGE(Q93:Q94) -> 46.723799
B94: ='2.1. DM'!B94 -> 84 | C94: ='2.1. DM'!C94 -> 46048 | D94: ='2.1. DM'!D94 -> Genbank | E94: ='2.1. DM'!E94 -> 28 | F94: ='2.1. DM'!F94 -> F251766 | G94: ='2.1. DM'!G94 -> CIAT-21512 | H94: ='2.1. DM'!H94 -> Calliandra | I94: ='2.1. DM'!I94 -> calothyrsus | ... O94: ='2.1. DM'!O94 -> OT-010 | P94: B | Q94: 46.875643
B95: ='2.1. DM'!B95 -> 85 | C95: ='2.1. DM'!C95 -> 46048 | D95: ='2.1. DM'!D95 -> Genbank | E95: ='2.1. DM'!E95 -> 28 | F95: ='2.1. DM'!F95 -> F251767 | G95: ='2.1. DM'!G95 -> CIAT-21601 | H95: ='2.1. DM'!H95 -> Erythrina | I95: ='2.1. DM'!I95 -> fusca | ... O95: ='2.1. DM'!O95 -> OT-010 | P95: A | Q95: 56.108954 | R95: =AVERAGE(Q95:Q96) -> 54.967608
B96: ='2.1. DM'!B96 -> 86 | C96: ='2.1. DM'!C96 -> 46048 | D96: ='2.1. DM'!D96 -> Genbank | E96: ='2.1. DM'!E96 -> 28 | F96: ='2.1. DM'!F96 -> F251767 | G96: ='2.1. DM'!G96 -> CIAT-21601 | H96: ='2.1. DM'!H96 -> Erythrina | I96: ='2.1. DM'!I96 -> fusca | ... O96: ='2.1. DM'!O96 -> OT-010 | P96: B | Q96: 53.826262
B97: ='2.1. DM'!B97 -> 87 | C97: ='2.1. DM'!C97 -> 46048 | D97: ='2.1. DM'!D97 -> Genbank | E97: ='2.1. DM'!E97 -> 28 | F97: ='2.1. DM'!F97 -> F251768 | G97: ='2.1. DM'!G97 -> CIAT-21809 | H97: ='2.1. DM'!H97 -> Acacia | I97: ='2.1. DM'!I97 -> farnesiana | ... O97: ='2.1. DM'!O97 -> OT-010 | P97: A | Q97: 49.04036 | R97: =AVERAGE(Q97:Q98) -> 48.090151
B98: ='2.1. DM'!B98 -> 88 | C98: ='2.1. DM'!C98 -> 46048 | D98: ='2.1. DM'!D98 -> Genbank | E98: ='2.1. DM'!E98 -> 28 | F98: ='2.1. DM'!F98 -> F251768 | G98: ='2.1. DM'!G98 -> CIAT-21809 | H98: ='2.1. DM'!H98 -> Acacia | I98: ='2.1. DM'!I98 -> farnesiana | ... O98: ='2.1. DM'!O98 -> OT-010 | P98: B | Q98: 47.139941
B99: ='2.1. DM'!B99 -> 89 | C99: ='2.1. DM'!C99 -> 46048 | D99: ='2.1. DM'!D99 -> Genbank | E99: ='2.1. DM'!E99 -> 28 | F99: ='2.1. DM'!F99 -> F251769 | G99: ='2.1. DM'!G99 -> CIAT-21810 | H99: ='2.1. DM'!H99 -> Acacia | I99: ='2.1. DM'!I99 -> angustissima | ... O99: ='2.1. DM'!O99 -> OT-010 | P99: A | Q99: 40.17317 | R99: =AVERAGE(Q99:Q100) -> 38.916288
B100: ='2.1. DM'!B100 -> 90 | C100: ='2.1. DM'!C100 -> 46048 | D100: ='2.1. DM'!D100 -> Genbank | E100: ='2.1. DM'!E100 -> 28 | F100: ='2.1. DM'!F100 -> F251769 | G100: ='2.1. DM'!G100 -> CIAT-21810 | H100: ='2.1. DM'!H100 -> Acacia | I100: ='2.1. DM'!I100 -> angustissima | ... O100: ='2.1. DM'!O100 -> OT-010 | P100: B | Q100: 37.659405
B101: ='2.1. DM'!B101 -> 91 | C101: ='2.1. DM'!C101 -> 46048 | D101: ='2.1. DM'!D101 -> Genbank | E101: ='2.1. DM'!E101 -> 28 | F101: ='2.1. DM'!F101 -> F251770 | G101: ='2.1. DM'!G101 -> CIAT-21888 | H101: ='2.1. DM'!H101 -> Leucaena | I101: ='2.1. DM'!I101 -> leucocephala | ... O101: ='2.1. DM'!O101 -> OT-010 | P101: A | Q101: 31.1667 | R101: =AVERAGE(Q101:Q102) -> 30.163107
B102: ='2.1. DM'!B102 -> 92 | C102: ='2.1. DM'!C102 -> 46048 | D102: ='2.1. DM'!D102 -> Genbank | E102: ='2.1. DM'!E102 -> 28 | F102: ='2.1. DM'!F102 -> F251770 | G102: ='2.1. DM'!G102 -> CIAT-21888 | H102: ='2.1. DM'!H102 -> Leucaena | I102: ='2.1. DM'!I102 -> leucocephala | ... O102: ='2.1. DM'!O102 -> OT-010 | P102: B | Q102: 29.159514
B103: ='2.1. DM'!B103 -> 93 | C103: ='2.1. DM'!C103 -> 46048 | D103: ='2.1. DM'!D103 -> Genbank | E103: ='2.1. DM'!E103 -> 28 | F103: ='2.1. DM'!F103 -> F251771 | G103: ='2.1. DM'!G103 -> CIAT-22310 | H103: ='2.1. DM'!H103 -> Calliandra | I103: ='2.1. DM'!I103 -> calothyrsus | ... O103: ='2.1. DM'!O103 -> OT-010 | P103: A | Q103: 52.180365 | R103: =AVERAGE(Q103:Q104) -> 50.768412
B104: ='2.1. DM'!B104 -> 94 | C104: ='2.1. DM'!C104 -> 46048 | D104: ='2.1. DM'!D104 -> Genbank | E104: ='2.1. DM'!E104 -> 28 | F104: ='2.1. DM'!F104 -> F251771 | G104: ='2.1. DM'!G104 -> CIAT-22310 | H104: ='2.1. DM'!H104 -> Calliandra | I104: ='2.1. DM'!I104 -> calothyrsus | ... O104: ='2.1. DM'!O104 -> OT-010 | P104: B | Q104: 49.35646
B105: ='2.1. DM'!B105 -> 95 | C105: ='2.1. DM'!C105 -> 46048 | D105: ='2.1. DM'!D105 -> Genbank | E105: ='2.1. DM'!E105 -> 28 | F105: ='2.1. DM'!F105 -> F251772 | G105: ='2.1. DM'!G105 -> CIAT-22311 | H105: ='2.1. DM'!H105 -> Calliandra | I105: ='2.1. DM'!I105 -> calothyrsus | ... O105: ='2.1. DM'!O105 -> OT-010 | P105: A | Q105: 48.235491 | R105: =AVERAGE(Q105:Q106) -> 49.182546
B106: ='2.1. DM'!B106 -> 96 | C106: ='2.1. DM'!C106 -> 46048 | D106: ='2.1. DM'!D106 -> Genbank | E106: ='2.1. DM'!E106 -> 28 | F106: ='2.1. DM'!F106 -> F251772 | G106: ='2.1. DM'!G106 -> CIAT-22311 | H106: ='2.1. DM'!H106 -> Calliandra | I106: ='2.1. DM'!I106 -> calothyrsus | ... O106: ='2.1. DM'!O106 -> OT-010 | P106: B | Q106: 50.129601
B107: ='2.1. DM'!B107 -> 97 | C107: ='2.1. DM'!C107 -> 46048 | D107: ='2.1. DM'!D107 -> Genbank | E107: ='2.1. DM'!E107 -> 28 | F107: ='2.1. DM'!F107 -> F251773 | G107: ='2.1. DM'!G107 -> CIAT-22316 | H107: ='2.1. DM'!H107 -> Calliandra | I107: ='2.1. DM'!I107 -> calothyrsus | ... O107: ='2.1. DM'!O107 -> OT-010 | P107: A | Q107: 43.605487 | R107: =AVERAGE(Q107:Q108) -> 44.541586
B108: ='2.1. DM'!B108 -> 98 | C108: ='2.1. DM'!C108 -> 46048 | D108: ='2.1. DM'!D108 -> Genbank | E108: ='2.1. DM'!E108 -> 28 | F108: ='2.1. DM'!F108 -> F251773 | G108: ='2.1. DM'!G108 -> CIAT-22316 | H108: ='2.1. DM'!H108 -> Calliandra | I108: ='2.1. DM'!I108 -> calothyrsus | ... O108: ='2.1. DM'!O108 -> OT-010 | P108: B | Q108: 45.477686
...

Sheet 2.4 NDF
F4: NEUTRAL DETERGENT FIBRE
B10: No | C10: Date | D10: ='1. Information samples'!D10 -> Requisitioner | E10: ='1. Information samples'!E10 -> Set CIAT | F10: ='1. Information samples'!F10 -> CIAT Lab-ID | G10: ='1. Information samples'!G10 -> Gene bank /Breeding program ID | H10: ='1. Information samples'!H10 -> Genus | I10: ='1. Information samples'!I10 -> Species | J10: ='1. Information samples'!J10 -> Tax Name | K10: ='1. Information samples'!K10 -> Family | ... O10: ='1. Information samples'!O10 -> ID LAB | P10: Replication | Q10: NDF, % (DM) | R10: Av ADF, % (DM)
B11: ='2.1. DM'!B11 -> 1 | C11: ='2.1. DM'!C11 -> 46041 | D11: ='2.1. DM'!D11 -> Genbank | E11: ='2.1. DM'!E11 -> 27 | F11: ='2.1. DM'!F11 -> F251728 | G11: ='2.1. DM'!G11 -> CIAT-13262 | H11: ='2.1. DM'!H11 -> Dendrolobium | I11: ='2.1. DM'!I11 -> triangulare | ... O11: ='2.1. DM'!O11 -> OT-010 (2025) | P11: A | Q11: 61.504678 | R11: =AVERAGE('2.4 NDF'!Q11:Q12) -> 60.404359
B12: ='2.1. DM'!B12 -> 2 | C12: ='2.1. DM'!C12 -> 46041 | D12: ='2.1. DM'!D12 -> Genbank | E12: ='2.1. DM'!E12 -> 27 | F12: ='2.1. DM'!F12 -> F251728 | G12: ='2.1. DM'!G12 -> CIAT-13262 | H12: ='2.1. DM'!H12 -> Dendrolobium | I12: ='2.1. DM'!I12 -> triangulare | ... O12: ='2.1. DM'!O12 -> OT-010 (2025) | P12: B | Q12: 59.30404
B13: ='2.1. DM'!B13 -> 3 | C13: ='2.1. DM'!C13 -> 46041 | D13: ='2.1. DM'!D13 -> Genbank | E13: ='2.1. DM'!E13 -> 27 | F13: ='2.1. DM'!F13 -> F251729 | G13: ='2.1. DM'!G13 -> CIAT-13528 | H13: ='2.1. DM'!H13 -> Dendrolobium | I13: ='2.1. DM'!I13 -> lanceolatum | ... O13: ='2.1. DM'!O13 -> OT-010 (2025) | P13: A | Q13: 57.217055 | R13: =AVERAGE('2.4 NDF'!Q13:Q14) -> 56.879548
B14: ='2.1. DM'!B14 -> 4 | C14: ='2.1. DM'!C14 -> 46041 | D14: ='2.1. DM'!D14 -> Genbank | E14: ='2.1. DM'!E14 -> 27 | F14: ='2.1. DM'!F14 -> F251729 | G14: ='2.1. DM'!G14 -> CIAT-13528 | H14: ='2.1. DM'!H14 -> Dendrolobium | I14: ='2.1. DM'!I14 -> lanceolatum | ... O14: ='2.1. DM'!O14 -> OT-010 (2025) | P14: B | Q14: 56.542041
B15: ='2.1. DM'!B15 -> 5 | C15: ='2.1. DM'!C15 -> 46041 | D15: ='2.1. DM'!D15 -> Genbank | E15: ='2.1. DM'!E15 -> 27 | F15: ='2.1. DM'!F15 -> F251730 | G15: ='2.1. DM'!G15 -> CIAT-13529 | H15: ='2.1. DM'!H15 -> Dendrolobium | I15: ='2.1. DM'!I15 -> triangulare | ... O15: ='2.1. DM'!O15 -> OT-010 (2025) | P15: A | Q15: 61.915824 | R15: =AVERAGE('2.4 NDF'!Q15:Q16) -> 59.943985
B16: ='2.1. DM'!B16 -> 6 | C16: ='2.1. DM'!C16 -> 46041 | D16: ='2.1. DM'!D16 -> Genbank | E16: ='2.1. DM'!E16 -> 27 | F16: ='2.1. DM'!F16 -> F251730 | G16: ='2.1. DM'!G16 -> CIAT-13529 | H16: ='2.1. DM'!H16 -> Dendrolobium | I16: ='2.1. DM'!I16 -> triangulare | ... O16: ='2.1. DM'!O16 -> OT-010 (2025) | P16: B | Q16: 57.972146
B17: ='2.1. DM'!B17 -> 7 | C17: ='2.1. DM'!C17 -> 46041 | D17: ='2.1. DM'!D17 -> Genbank | E17: ='2.1. DM'!E17 -> 27 | F17: ='2.1. DM'!F17 -> F251731 | G17: ='2.1. DM'!G17 -> CIAT-13710 | H17: ='2.1. DM'!H17 -> Dendrolobium | I17: ='2.1. DM'!I17 -> lanceolatum | ... O17: ='2.1. DM'!O17 -> OT-010 (2025) | P17: A | Q17: 63.795737 | R17: =AVERAGE('2.4 NDF'!Q17:Q18) -> 64.357003
B18: ='2.1. DM'!B18 -> 8 | C18: ='2.1. DM'!C18 -> 46041 | D18: ='2.1. DM'!D18 -> Genbank | E18: ='2.1. DM'!E18 -> 27 | F18: ='2.1. DM'!F18 -> F251731 | G18: ='2.1. DM'!G18 -> CIAT-13710 | H18: ='2.1. DM'!H18 -> Dendrolobium | I18: ='2.1. DM'!I18 -> lanceolatum | ... O18: ='2.1. DM'!O18 -> OT-010 (2025) | P18: B | Q18: 64.918268
B19: ='2.1. DM'!B19 -> 9 | C19: ='2.1. DM'!C19 -> 46041 | D19: ='2.1. DM'!D19 -> Genbank | E19: ='2.1. DM'!E19 -> 27 | F19: ='2.1. DM'!F19 -> F251732 | G19: ='2.1. DM'!G19 -> CIAT-22004 | H19: ='2.1. DM'!H19 -> Dendrolobium | I19: ='2.1. DM'!I19 -> triangulare | ... O19: ='2.1. DM'!O19 -> OT-010 (2025) | P19: A | Q19: 62.658194 | R19: =AVERAGE('2.4 NDF'!Q19:Q20) -> 63.608526
B20: ='2.1. DM'!B20 -> 10 | C20: ='2.1. DM'!C20 -> 46041 | D20: ='2.1. DM'!D20 -> Genbank | E20: ='2.1. DM'!E20 -> 27 | F20: ='2.1. DM'!F20 -> F251732 | G20: ='2.1. DM'!G20 -> CIAT-22004 | H20: ='2.1. DM'!H20 -> Dendrolobium | I20: ='2.1. DM'!I20 -> triangulare | ... O20: ='2.1. DM'!O20 -> OT-010 (2025) | P20: B | Q20: 64.558858
B21: ='2.1. DM'!B21 -> 11 | C21: ='2.1. DM'!C21 -> 46041 | D21: ='2.1. DM'!D21 -> Genbank | E21: ='2.1. DM'!E21 -> 27 | F21: ='2.1. DM'!F21 -> F251733 | G21: ='2.1. DM'!G21 -> CIAT-23104 | H21: ='2.1. DM'!H21 -> Dendrolobium | I21: ='2.1. DM'!I21 -> triangulare | ... O21: ='2.1. DM'!O21 -> OT-010 (2025) | P21: A | Q21: 66.326561 | R21: =AVERAGE('2.4 NDF'!Q21:Q22) -> 67.21953
B22: ='2.1. DM'!B22 -> 12 | C22: ='2.1. DM'!C22 -> 46041 | D22: ='2.1. DM'!D22 -> Genbank | E22: ='2.1. DM'!E22 -> 27 | F22: ='2.1. DM'!F22 -> F251733 | G22: ='2.1. DM'!G22 -> CIAT-23104 | H22: ='2.1. DM'!H22 -> Dendrolobium | I22: ='2.1. DM'!I22 -> triangulare | ... O22: ='2.1. DM'!O22 -> OT-010 (2025) | P22: B | Q22: 68.112499
B23: ='2.1. DM'!B23 -> 13 | C23: ='2.1. DM'!C23 -> 46041 | D23: ='2.1. DM'!D23 -> Genbank | E23: ='2.1. DM'!E23 -> 27 | F23: ='2.1. DM'!F23 -> F251734 | G23: ='2.1. DM'!G23 -> CIAT-23106 | H23: ='2.1. DM'!H23 -> Dendrolobium | I23: ='2.1. DM'!I23 -> triangulare | ... O23: ='2.1. DM'!O23 -> OT-010 (2025) | P23: A | Q23: 68.634416 | R23: =AVERAGE('2.4 NDF'!Q23:Q24) -> 67.761006
B24: ='2.1. DM'!B24 -> 14 | C24: ='2.1. DM'!C24 -> 46041 | D24: ='2.1. DM'!D24 -> Genbank | E24: ='2.1. DM'!E24 -> 27 | F24: ='2.1. DM'!F24 -> F251734 | G24: ='2.1. DM'!G24 -> CIAT-23106 | H24: ='2.1. DM'!H24 -> Dendrolobium | I24: ='2.1. DM'!I24 -> triangulare | ... O24: ='2.1. DM'!O24 -> OT-010 (2025) | P24: B | Q24: 66.887596
B25: ='2.1. DM'!B25 -> 15 | C25: ='2.1. DM'!C25 -> 46041 | D25: ='2.1. DM'!D25 -> Genbank | E25: ='2.1. DM'!E25 -> 27 | F25: ='2.1. DM'!F25 -> F251735 | G25: ='2.1. DM'!G25 -> CIAT-23107 | H25: ='2.1. DM'!H25 -> Dendrolobium | I25: ='2.1. DM'!I25 -> triangulare | ... O25: ='2.1. DM'!O25 -> OT-010 (2025) | P25: A | Q25: 67.346249 | R25: =AVERAGE('2.4 NDF'!Q25:Q26) -> 67.216778
B26: ='2.1. DM'!B26 -> 16 | C26: ='2.1. DM'!C26 -> 46041 | D26: ='2.1. DM'!D26 -> Genbank | E26: ='2.1. DM'!E26 -> 27 | F26: ='2.1. DM'!F26 -> F251735 | G26: ='2.1. DM'!G26 -> CIAT-23107 | H26: ='2.1. DM'!H26 -> Dendrolobium | I26: ='2.1. DM'!I26 -> triangulare | ... O26: ='2.1. DM'!O26 -> OT-010 (2025) | P26: B | Q26: 67.087307
B27: ='2.1. DM'!B27 -> 17 | C27: ='2.1. DM'!C27 -> 46041 | D27: ='2.1. DM'!D27 -> Genbank | E27: ='2.1. DM'!E27 -> 27 | F27: ='2.1. DM'!F27 -> F251736 | G27: ='2.1. DM'!G27 -> CIAT-23108 | H27: ='2.1. DM'!H27 -> Dendrolobium | I27: ='2.1. DM'!I27 -> triangulare | ... O27: ='2.1. DM'!O27 -> OT-010 (2025) | P27: A | Q27: 69.587166 | R27: =AVERAGE('2.4 NDF'!Q27:Q28) -> 69.366101
B28: ='2.1. DM'!B28 -> 18 | C28: ='2.1. DM'!C28 -> 46041 | D28: ='2.1. DM'!D28 -> Genbank | E28: ='2.1. DM'!E28 -> 27 | F28: ='2.1. DM'!F28 -> F251736 | G28: ='2.1. DM'!G28 -> CIAT-23108 | H28: ='2.1. DM'!H28 -> Dendrolobium | I28: ='2.1. DM'!I28 -> triangulare | ... O28: ='2.1. DM'!O28 -> OT-010 (2025) | P28: B | Q28: 69.145036
B29: ='2.1. DM'!B29 -> 19 | C29: ='2.1. DM'!C29 -> 46041 | D29: ='2.1. DM'!D29 -> Genbank | E29: ='2.1. DM'!E29 -> 27 | F29: ='2.1. DM'!F29 -> F251737 | G29: ='2.1. DM'!G29 -> CIAT-23412 | H29: ='2.1. DM'!H29 -> Dendrolobium | I29: ='2.1. DM'!I29 -> triangulare | ... O29: ='2.1. DM'!O29 -> OT-010 (2025) | P29: A | Q29: 62.085484 | R29: =AVERAGE('2.4 NDF'!Q29:Q30) -> 62.136167
B30: ='2.1. DM'!B30 -> 20 | C30: ='2.1. DM'!C30 -> 46041 | D30: ='2.1. DM'!D30 -> Genbank | E30: ='2.1. DM'!E30 -> 27 | F30: ='2.1. DM'!F30 -> F251737 | G30: ='2.1. DM'!G30 -> CIAT-23412 | H30: ='2.1. DM'!H30 -> Dendrolobium | I30: ='2.1. DM'!I30 -> triangulare | ... O30: ='2.1. DM'!O30 -> OT-010 (2025) | P30: B | Q30: 62.186849
B31: ='2.1. DM'!B31 -> 21 | C31: ='2.1. DM'!C31 -> 46041 | D31: ='2.1. DM'!D31 -> Genbank | E31: ='2.1. DM'!E31 -> 27 | F31: ='2.1. DM'!F31 -> F251738 | G31: ='2.1. DM'!G31 -> CIAT-23413 | H31: ='2.1. DM'!H31 -> Dendrolobium | I31: ='2.1. DM'!I31 -> triangulare | ... O31: ='2.1. DM'!O31 -> OT-010 (2025) | P31: A | Q31: 65.337062 | R31: =AVERAGE('2.4 NDF'!Q31:Q122) -> 59.973156
B32: ='2.1. DM'!B32 -> 22 | C32: ='2.1. DM'!C32 -> 46041 | D32: ='2.1. DM'!D32 -> Genbank | E32: ='2.1. DM'!E32 -> 27 | F32: ='2.1. DM'!F32 -> F251738 | G32: ='2.1. DM'!G32 -> CIAT-23413 | H32: ='2.1. DM'!H32 -> Dendrolobium | I32: ='2.1. DM'!I32 -> triangulare | ... O32: ='2.1. DM'!O32 -> OT-010 (2025) | P32: B | Q32: 67.115009 | R32: =AVERAGE('2.4 NDF'!Q32:Q123) -> 59.953007
B33: ='2.1. DM'!B33 -> 23 | C33: ='2.1. DM'!C33 -> 46041 | D33: ='2.1. DM'!D33 -> Genbank | E33: ='2.1. DM'!E33 -> 27 | F33: ='2.1. DM'!F33 -> F251739 | G33: ='2.1. DM'!G33 -> CIAT-23419 | H33: ='2.1. DM'!H33 -> Dendrolobium | I33: ='2.1. DM'!I33 -> triangulare | ... O33: ='2.1. DM'!O33 -> OT-010 (2025) | P33: A | Q33: 67.803578 | R33: =AVERAGE('2.4 NDF'!Q33:Q125) -> 60.023252
B34: ='2.1. DM'!B34 -> 24 | C34: ='2.1. DM'!C34 -> 46041 | D34: ='2.1. DM'!D34 -> Genbank | E34: ='2.1. DM'!E34 -> 27 | F34: ='2.1. DM'!F34 -> F251739 | G34: ='2.1. DM'!G34 -> CIAT-23419 | H34: ='2.1. DM'!H34 -> Dendrolobium | I34: ='2.1. DM'!I34 -> triangulare | ... O34: ='2.1. DM'!O34 -> OT-010 (2025) | P34: B | Q34: 67.764302 | R34: =AVERAGE('2.4 NDF'!Q34:Q122) -> 59.744659
B35: ='2.1. DM'!B35 -> 25 | C35: ='2.1. DM'!C35 -> 46041 | D35: ='2.1. DM'!D35 -> Genbank | E35: ='2.1. DM'!E35 -> 27 | F35: ='2.1. DM'!F35 -> F251740 | G35: ='2.1. DM'!G35 -> CIAT-23422 | H35: ='2.1. DM'!H35 -> Dendrolobium | I35: ='2.1. DM'!I35 -> triangulare | ... O35: ='2.1. DM'!O35 -> OT-010 (2025) | P35: A | Q35: 66.238467 | R35: =AVERAGE('2.4 NDF'!Q35:Q123) -> 59.696559
B36: ='2.1. DM'!B36 -> 26 | C36: ='2.1. DM'!C36 -> 46041 | D36: ='2.1. DM'!D36 -> Genbank | E36: ='2.1. DM'!E36 -> 27 | F36: ='2.1. DM'!F36 -> F251740 | G36: ='2.1. DM'!G36 -> CIAT-23422 | H36: ='2.1. DM'!H36 -> Dendrolobium | I36: ='2.1. DM'!I36 -> triangulare | ... O36: ='2.1. DM'!O36 -> OT-010 (2025) | P36: B | Q36: 66.907745 | R36: =AVERAGE('2.4 NDF'!Q36:Q124) -> 59.680322
B37: ='2.1. DM'!B37 -> 27 | C37: ='2.1. DM'!C37 -> 46041 | D37: ='2.1. DM'!D37 -> Genbank | E37: ='2.1. DM'!E37 -> 27 | F37: ='2.1. DM'!F37 -> F251741 | G37: ='2.1. DM'!G37 -> CIAT-23734 | H37: ='2.1. DM'!H37 -> Dendrolobium | I37: ='2.1. DM'!I37 -> triangulare | ... O37: ='2.1. DM'!O37 -> OT-010 (2025) | P37: A | Q37: 61.497079 | R37: =AVERAGE('2.4 NDF'!Q37:Q125) -> 59.701667
B38: ='2.1. DM'!B38 -> 28 | C38: ='2.1. DM'!C38 -> 46041 | D38: ='2.1. DM'!D38 -> Genbank | E38: ='2.1. DM'!E38 -> 27 | F38: ='2.1. DM'!F38 -> F251741 | G38: ='2.1. DM'!G38 -> CIAT-23734 | H38: ='2.1. DM'!H38 -> Dendrolobium | I38: ='2.1. DM'!I38 -> triangulare | ... O38: ='2.1. DM'!O38 -> OT-010 (2025) | P38: B | Q38: 62.549222 | R38: =AVERAGE('2.4 NDF'!Q38:Q123) -> 59.515703
B39: ='2.1. DM'!B39 -> 29 | C39: ='2.1. DM'!C39 -> 46041 | D39: ='2.1. DM'!D39 -> Genbank | E39: ='2.1. DM'!E39 -> 27 | F39: ='2.1. DM'!F39 -> F251742 | G39: ='2.1. DM'!G39 -> CIAT-23932 | H39: ='2.1. DM'!H39 -> Dendrolobium | I39: ='2.1. DM'!I39 -> triangulare | ... O39: ='2.1. DM'!O39 -> OT-010 (2025) | P39: A | Q39: 63.453121 | R39: =AVERAGE('2.4 NDF'!Q39:Q122) -> 59.432355
B40: ='2.1. DM'!B40 -> 30 | C40: ='2.1. DM'!C40 -> 46041 | D40: ='2.1. DM'!D40 -> Genbank | E40: ='2.1. DM'!E40 -> 27 | F40: ='2.1. DM'!F40 -> F251742 | G40: ='2.1. DM'!G40 -> CIAT-23932 | H40: ='2.1. DM'!H40 -> Dendrolobium | I40: ='2.1. DM'!I40 -> triangulare | ... O40: ='2.1. DM'!O40 -> OT-010 (2025) | P40: B | Q40: 62.72902 | R40: =AVERAGE('2.4 NDF'!Q40:Q122) -> 59.383913
B41: ='2.1. DM'!B41 -> 31 | C41: ='2.1. DM'!C41 -> 46041 | D41: ='2.1. DM'!D41 -> Genbank | E41: ='2.1. DM'!E41 -> 27 | F41: ='2.1. DM'!F41 -> F251743 | G41: ='2.1. DM'!G41 -> CIAT-23933 | H41: ='2.1. DM'!H41 -> Dendrolobium | I41: ='2.1. DM'!I41 -> triangulare | ... O41: ='2.1. DM'!O41 -> OT-010 (2025) | P41: A | Q41: 63.09478 | R41: =AVERAGE('2.4 NDF'!Q41:Q42) -> 64.369249
B42: ='2.1. DM'!B42 -> 32 | C42: ='2.1. DM'!C42 -> 46041 | D42: ='2.1. DM'!D42 -> Genbank | E42: ='2.1. DM'!E42 -> 27 | F42: ='2.1. DM'!F42 -> F251743 | G42: ='2.1. DM'!G42 -> CIAT-23933 | H42: ='2.1. DM'!H42 -> Dendrolobium | I42: ='2.1. DM'!I42 -> triangulare | ... O42: ='2.1. DM'!O42 -> OT-010 (2025) | P42: B | Q42: 65.643718
B43: ='2.1. DM'!B43 -> 33 | C43: ='2.1. DM'!C43 -> 46041 | D43: ='2.1. DM'!D43 -> Genbank | E43: ='2.1. DM'!E43 -> 27 | F43: ='2.1. DM'!F43 -> F251744 | G43: ='2.1. DM'!G43 -> CIAT-23934 | H43: ='2.1. DM'!H43 -> Dendrolobium | I43: ='2.1. DM'!I43 -> triangulare | ... O43: ='2.1. DM'!O43 -> OT-010 (2025) | P43: A | Q43: 58.909831 | R43: =AVERAGE('2.4 NDF'!Q43:Q44) -> 58.496714
B44: ='2.1. DM'!B44 -> 34 | C44: ='2.1. DM'!C44 -> 46041 | D44: ='2.1. DM'!D44 -> Genbank | E44: ='2.1. DM'!E44 -> 27 | F44: ='2.1. DM'!F44 -> F251744 | G44: ='2.1. DM'!G44 -> CIAT-23934 | H44: ='2.1. DM'!H44 -> Dendrolobium | I44: ='2.1. DM'!I44 -> triangulare | ... O44: ='2.1. DM'!O44 -> OT-010 (2025) | P44: B | Q44: 58.083597
B45: ='2.1. DM'!B45 -> 35 | C45: ='2.1. DM'!C45 -> 46041 | D45: ='2.1. DM'!D45 -> Genbank | E45: ='2.1. DM'!E45 -> 27 | F45: ='2.1. DM'!F45 -> F251745 | G45: ='2.1. DM'!G45 -> CIAT-23936 | H45: ='2.1. DM'!H45 -> Dendrolobium | I45: ='2.1. DM'!I45 -> triangulare | ... O45: ='2.1. DM'!O45 -> OT-010 (2025) | P45: A | Q45: 61.649123 | R45: =AVERAGE('2.4 NDF'!Q45:Q46) -> 61.655564
B46: ='2.1. DM'!B46 -> 36 | C46: ='2.1. DM'!C46 -> 46041 | D46: ='2.1. DM'!D46 -> Genbank | E46: ='2.1. DM'!E46 -> 27 | F46: ='2.1. DM'!F46 -> F251745 | G46: ='2.1. DM'!G46 -> CIAT-23936 | H46: ='2.1. DM'!H46 -> Dendrolobium | I46: ='2.1. DM'!I46 -> triangulare | ... O46: ='2.1. DM'!O46 -> OT-010 (2025) | P46: B | Q46: 61.662005
B47: ='2.1. DM'!B47 -> 37 | C47: ='2.1. DM'!C47 -> 46041 | D47: ='2.1. DM'!D47 -> Genbank | E47: ='2.1. DM'!E47 -> 27 | F47: ='2.1. DM'!F47 -> F251746 | G47: ='2.1. DM'!G47 -> CIAT-33119 | H47: ='2.1. DM'!H47 -> Dendrolobium | I47: ='2.1. DM'!I47 -> triangulare | ... O47: ='2.1. DM'!O47 -> OT-010 (2025) | P47: A | Q47: 60.251563 | R47: =AVERAGE('2.4 NDF'!Q47:Q48) -> 59.478362
B48: ='2.1. DM'!B48 -> 38 | C48: ='2.1. DM'!C48 -> 46041 | D48: ='2.1. DM'!D48 -> Genbank | E48: ='2.1. DM'!E48 -> 27 | F48: ='2.1. DM'!F48 -> F251746 | G48: ='2.1. DM'!G48 -> CIAT-33119 | H48: ='2.1. DM'!H48 -> Dendrolobium | I48: ='2.1. DM'!I48 -> triangulare | ... O48: ='2.1. DM'!O48 -> OT-010 (2025) | P48: B | Q48: 58.705162
B49: ='2.1. DM'!B49 -> 39 | C49: ='2.1. DM'!C49 -> 46041 | D49: ='2.1. DM'!D49 -> Genbank | E49: ='2.1. DM'!E49 -> 27 | F49: ='2.1. DM'!F49 -> F251747 | G49: ='2.1. DM'!G49 -> CIAT-33383 | H49: ='2.1. DM'!H49 -> Dendrolobium | I49: ='2.1. DM'!I49 -> sp. | ... O49: ='2.1. DM'!O49 -> OT-010 (2025) | P49: A | Q49: 60.218488 | R49: =AVERAGE('2.4 NDF'!Q49:Q50) -> 59.757991
B50: ='2.1. DM'!B50 -> 40 | C50: ='2.1. DM'!C50 -> 46041 | D50: ='2.1. DM'!D50 -> Genbank | E50: ='2.1. DM'!E50 -> 27 | F50: ='2.1. DM'!F50 -> F251747 | G50: ='2.1. DM'!G50 -> CIAT-33383 | H50: ='2.1. DM'!H50 -> Dendrolobium | I50: ='2.1. DM'!I50 -> sp. | ... O50: ='2.1. DM'!O50 -> OT-010 (2025) | P50: B | Q50: 59.297495
B51: ='2.1. DM'!B51 -> 41 | C51: ='2.1. DM'!C51 -> 46041 | D51: ='2.1. DM'!D51 -> Genbank | E51: ='2.1. DM'!E51 -> 27 | F51: ='2.1. DM'!F51 -> F251748 | G51: ='2.1. DM'!G51 -> CIAT-33402 | H51: ='2.1. DM'!H51 -> Dendrolobium | I51: ='2.1. DM'!I51 -> triangulare | ... O51: ='2.1. DM'!O51 -> OT-010 (2025) | P51: A | Q51: 59.825046 | R51: =AVERAGE('2.4 NDF'!Q51:Q52) -> 60.091399
B52: ='2.1. DM'!B52 -> 42 | C52: ='2.1. DM'!C52 -> 46041 | D52: ='2.1. DM'!D52 -> Genbank | E52: ='2.1. DM'!E52 -> 27 | F52: ='2.1. DM'!F52 -> F251748 | G52: ='2.1. DM'!G52 -> CIAT-33402 | H52: ='2.1. DM'!H52 -> Dendrolobium | I52: ='2.1. DM'!I52 -> triangulare | ... O52: ='2.1. DM'!O52 -> OT-010 (2025) | P52: B | Q52: 60.357752
B53: ='2.1. DM'!B53 -> 43 | C53: ='2.1. DM'!C53 -> 46041 | D53: ='2.1. DM'!D53 -> Genbank | E53: ='2.1. DM'!E53 -> 27 | F53: ='2.1. DM'!F53 -> F251749 | G53: ='2.1. DM'!G53 -> CIAT-33508 | H53: ='2.1. DM'!H53 -> Dendrolobium | I53: ='2.1. DM'!I53 -> umbellatum | ... O53: ='2.1. DM'!O53 -> OT-010 (2025) | P53: A | Q53: 57.850941 | R53: =AVERAGE('2.4 NDF'!Q53:Q54) -> 58.36144
B54: ='2.1. DM'!B54 -> 44 | C54: ='2.1. DM'!C54 -> 46041 | D54: ='2.1. DM'!D54 -> Genbank | E54: ='2.1. DM'!E54 -> 27 | F54: ='2.1. DM'!F54 -> F251749 | G54: ='2.1. DM'!G54 -> CIAT-33508 | H54: ='2.1. DM'!H54 -> Dendrolobium | I54: ='2.1. DM'!I54 -> umbellatum | ... O54: ='2.1. DM'!O54 -> OT-010 (2025) | P54: B | Q54: 58.871939
B55: ='2.1. DM'!B55 -> 45 | C55: ='2.1. DM'!C55 -> 46041 | D55: ='2.1. DM'!D55 -> Genbank | E55: ='2.1. DM'!E55 -> 27 | F55: ='2.1. DM'!F55 -> F251750 | G55: ='2.1. DM'!G55 -> CIAT-33515 | H55: ='2.1. DM'!H55 -> Dendrolobium | I55: ='2.1. DM'!I55 -> triangulare | ... O55: ='2.1. DM'!O55 -> OT-010 (2025) | P55: A | Q55: 63.084121 | R55: =AVERAGE('2.4 NDF'!Q55:Q56) -> 63.31759
B56: ='2.1. DM'!B56 -> 46 | C56: ='2.1. DM'!C56 -> 46041 | D56: ='2.1. DM'!D56 -> Genbank | E56: ='2.1. DM'!E56 -> 27 | F56: ='2.1. DM'!F56 -> F251750 | G56: ='2.1. DM'!G56 -> CIAT-33515 | H56: ='2.1. DM'!H56 -> Dendrolobium | I56: ='2.1. DM'!I56 -> triangulare | ... O56: ='2.1. DM'!O56 -> OT-010 (2025) | P56: B | Q56: 63.551058
B57: ='2.1. DM'!B57 -> 47 | C57: ='2.1. DM'!C57 -> 46041 | D57: ='2.1. DM'!D57 -> Genbank | E57: ='2.1. DM'!E57 -> 27 | F57: ='2.1. DM'!F57 -> F251751 | G57: ='2.1. DM'!G57 -> CIAT-7353 | H57: ='2.1. DM'!H57 -> Prosopis | I57: ='2.1. DM'!I57 -> juliflora | ... O57: ='2.1. DM'!O57 -> OT-010 (2025) | P57: A | Q57: 47.118283 | R57: =AVERAGE('2.4 NDF'!Q57:Q58) -> 46.324472
B58: ='2.1. DM'!B58 -> 48 | C58: ='2.1. DM'!C58 -> 46041 | D58: ='2.1. DM'!D58 -> Genbank | E58: ='2.1. DM'!E58 -> 27 | F58: ='2.1. DM'!F58 -> F251751 | G58: ='2.1. DM'!G58 -> CIAT-7353 | H58: ='2.1. DM'!H58 -> Prosopis | I58: ='2.1. DM'!I58 -> juliflora | ... O58: ='2.1. DM'!O58 -> OT-010 (2025) | P58: B | Q58: 45.530662
B59: ='2.1. DM'!B59 -> 49 | C59: ='2.1. DM'!C59 -> 46041 | D59: ='2.1. DM'!D59 -> Genbank | E59: ='2.1. DM'!E59 -> 27 | F59: ='2.1. DM'!F59 -> F251752 | G59: ='2.1. DM'!G59 -> CIAT-7976 | H59: ='2.1. DM'!H59 -> Cassia | I59: ='2.1. DM'!I59 -> sp. | ... O59: ='2.1. DM'!O59 -> OT-010 (2025) | P59: A | Q59: 49.57605 | R59: =AVERAGE('2.4 NDF'!Q59:Q60) -> 50.11579
B60: ='2.1. DM'!B60 -> 50 | C60: ='2.1. DM'!C60 -> 46041 | D60: ='2.1. DM'!D60 -> Genbank | E60: ='2.1. DM'!E60 -> 27 | F60: ='2.1. DM'!F60 -> F251752 | G60: ='2.1. DM'!G60 -> CIAT-7976 | H60: ='2.1. DM'!H60 -> Cassia | I60: ='2.1. DM'!I60 -> sp. | ... O60: ='2.1. DM'!O60 -> OT-010 (2025) | P60: B | Q60: 50.655531
B61: ='2.1. DM'!B61 -> 51 | C61: ='2.1. DM'!C61 -> 46041 | D61: ='2.1. DM'!D61 -> Genbank | E61: ='2.1. DM'!E61 -> 27 | F61: ='2.1. DM'!F61 -> F251753 | G61: ='2.1. DM'!G61 -> CIAT-8018 | H61: ='2.1. DM'!H61 -> Acacia | I61: ='2.1. DM'!I61 -> aroma | ... O61: ='2.1. DM'!O61 -> OT-010 (2025) | P61: A | Q61: 71.121411 | R61: =AVERAGE('2.4 NDF'!Q61:Q62) -> 70.33432
B62: ='2.1. DM'!B62 -> 52 | C62: ='2.1. DM'!C62 -> 46041 | D62: ='2.1. DM'!D62 -> Genbank | E62: ='2.1. DM'!E62 -> 27 | F62: ='2.1. DM'!F62 -> F251753 | G62: ='2.1. DM'!G62 -> CIAT-8018 | H62: ='2.1. DM'!H62 -> Acacia | I62: ='2.1. DM'!I62 -> aroma | ... O62: ='2.1. DM'!O62 -> OT-010 (2025) | P62: B | Q62: 69.547229
B63: ='2.1. DM'!B63 -> 53 | C63: ='2.1. DM'!C63 -> 46041 | D63: ='2.1. DM'!D63 -> Genbank | E63: ='2.1. DM'!E63 -> 27 | F63: ='2.1. DM'!F63 -> F251754 | G63: ='2.1. DM'!G63 -> CIAT-9990 | H63: ='2.1. DM'!H63 -> Prosopis | I63: ='2.1. DM'!I63 -> juliflora | ... O63: ='2.1. DM'!O63 -> OT-010 (2025) | P63: A | Q63: 49.166365 | R63: =AVERAGE('2.4 NDF'!Q63:Q64) -> 48.764035
B64: ='2.1. DM'!B64 -> 54 | C64: ='2.1. DM'!C64 -> 46041 | D64: ='2.1. DM'!D64 -> Genbank | E64: ='2.1. DM'!E64 -> 27 | F64: ='2.1. DM'!F64 -> F251754 | G64: ='2.1. DM'!G64 -> CIAT-9990 | H64: ='2.1. DM'!H64 -> Prosopis | I64: ='2.1. DM'!I64 -> juliflora | ... O64: ='2.1. DM'!O64 -> OT-010 (2025) | P64: B | Q64: 48.361705
B65: ='2.1. DM'!B65 -> 55 | C65: ='2.1. DM'!C65 -> 46041 | D65: ='2.1. DM'!D65 -> Genbank | E65: ='2.1. DM'!E65 -> 27 | F65: ='2.1. DM'!F65 -> F251755 | G65: ='2.1. DM'!G65 -> CIAT-13258 | H65: ='2.1. DM'!H65 -> Dendrolobium | I65: ='2.1. DM'!I65 -> lanceolatum | ... O65: ='2.1. DM'!O65 -> OT-010 (2025) | P65: A | Q65: 60.148887 | R65: =AVERAGE('2.4 NDF'!Q65:Q66) -> 61.802642
B66: ='2.1. DM'!B66 -> 56 | C66: ='2.1. DM'!C66 -> 46041 | D66: ='2.1. DM'!D66 -> Genbank | E66: ='2.1. DM'!E66 -> 27 | F66: ='2.1. DM'!F66 -> F251755 | G66: ='2.1. DM'!G66 -> CIAT-13258 | H66: ='2.1. DM'!H66 -> Dendrolobium | I66: ='2.1. DM'!I66 -> lanceolatum | ... O66: ='2.1. DM'!O66 -> OT-010 (2025) | P66: B | Q66: 63.456397
B67: ='2.1. DM'!B67 -> 57 | C67: ='2.1. DM'!C67 -> 46041 | D67: ='2.1. DM'!D67 -> Genbank | E67: ='2.1. DM'!E67 -> 27 | F67: ='2.1. DM'!F67 -> F251756 | G67: ='2.1. DM'!G67 -> CIAT-13260 | H67: ='2.1. DM'!H67 -> Dendrolobium | I67: ='2.1. DM'!I67 -> lanceolatum | ... O67: ='2.1. DM'!O67 -> OT-010 (2025) | P67: A | Q67: 63.65755 | R67: =AVERAGE('2.4 NDF'!Q67:Q68) -> 65.19358
B68: ='2.1. DM'!B68 -> 58 | C68: ='2.1. DM'!C68 -> 46041 | D68: ='2.1. DM'!D68 -> Genbank | E68: ='2.1. DM'!E68 -> 27 | F68: ='2.1. DM'!F68 -> F251756 | G68: ='2.1. DM'!G68 -> CIAT-13260 | H68: ='2.1. DM'!H68 -> Dendrolobium | I68: ='2.1. DM'!I68 -> lanceolatum | ... O68: ='2.1. DM'!O68 -> OT-010 (2025) | P68: B | Q68: 66.72961
B69: ='2.1. DM'!B69 -> 59 | C69: ='2.1. DM'!C69 -> 46041 | D69: ='2.1. DM'!D69 -> Genbank | E69: ='2.1. DM'!E69 -> 27 | F69: ='2.1. DM'!F69 -> F251757 | G69: ='2.1. DM'!G69 -> CIAT-17263 | H69: ='2.1. DM'!H69 -> Leucaena | I69: ='2.1. DM'!I69 -> leucocephala | ... O69: ='2.1. DM'!O69 -> OT-010 (2025) | P69: A | Q69: 58.984626 | R69: =AVERAGE('2.4 NDF'!Q69:Q70) -> 57.76224
B70: ='2.1. DM'!B70 -> 60 | C70: ='2.1. DM'!C70 -> 46041 | D70: ='2.1. DM'!D70 -> Genbank | E70: ='2.1. DM'!E70 -> 27 | F70: ='2.1. DM'!F70 -> F251757 | G70: ='2.1. DM'!G70 -> CIAT-17263 | H70: ='2.1. DM'!H70 -> Leucaena | I70: ='2.1. DM'!I70 -> leucocephala | ... O70: ='2.1. DM'!O70 -> OT-010 (2025) | P70: B | Q70: 56.539853
B71: ='2.1. DM'!B71 -> 61 | C71: ='2.1. DM'!C71 -> 46041 | D71: ='2.1. DM'!D71 -> Isabel Molina | E71: ='2.1. DM'!E71 -> 27 | F71: ='2.1. DM'!F71 -> F252640 | G71: ='2.1. DM'!G71 -> Cayman Br02_1752 | H71: ='2.1. DM'!H71 -> Urochloa | I71: ='2.1. DM'!I71 -> interespecifico | ... O71: ='2.1. DM'!O71 -> OT-034 (2025) | P71: A | Q71: 62.420924 | R71: =AVERAGE('2.4 NDF'!Q71:Q72) -> 62.133651
B72: ='2.1. DM'!B72 -> 62 | C72: ='2.1. DM'!C72 -> 46041 | D72: ='2.1. DM'!D72 -> Isabel Molina | E72: ='2.1. DM'!E72 -> 27 | F72: ='2.1. DM'!F72 -> F252640 | G72: ='2.1. DM'!G72 -> Cayman Br02_1752 | H72: ='2.1. DM'!H72 -> Urochloa | I72: ='2.1. DM'!I72 -> interespecifico | ... O72: ='2.1. DM'!O72 -> OT-034 (2025) | P72: B | Q72: 61.846377
B73: ='2.1. DM'!B73 -> 63 | C73: ='2.1. DM'!C73 -> 46041 | D73: ='2.1. DM'!D73 -> Mauricio Sotelo | E73: ='2.1. DM'!E73 -> 27 | F73: ='2.1. DM'!F73 -> F252641 | G73: ='2.1. DM'!G73 -> N/A | H73: ='2.1. DM'!H73 -> Gliricidia | I73: ='2.1. DM'!I73 -> sepium | ... O73: ='2.1. DM'!O73 -> OT-035 (2025) | P73: A | Q73: 47.82 | R73: =AVERAGE('2.4 NDF'!Q73:Q74) -> 47.205
B74: ='2.1. DM'!B74 -> 64 | C74: ='2.1. DM'!C74 -> 46041 | D74: ='2.1. DM'!D74 -> Mauricio Sotelo | E74: ='2.1. DM'!E74 -> 27 | F74: ='2.1. DM'!F74 -> F252641 | G74: ='2.1. DM'!G74 -> N/A | H74: ='2.1. DM'!H74 -> Gliricidia | I74: ='2.1. DM'!I74 -> sepium | ... O74: ='2.1. DM'!O74 -> OT-035 (2025) | P74: B | Q74: 46.59
B75: ='2.1. DM'!B75 -> 65 | C75: ='2.1. DM'!C75 -> 46041 | D75: ='2.1. DM'!D75 -> Jacobo Arango/Alejandro Montoya | E75: ='2.1. DM'!E75 -> 27 | F75: ='2.1. DM'!F75 -> F250008 | G75: ='2.1. DM'!G75 -> Sample 8 | H75: ='2.1. DM'!H75 -> Cynodon | I75: ='2.1. DM'!I75 -> nlemfuensis | ... O75: ='2.1. DM'!O75 -> OT-002 | P75: A | Q75: 76.1 | R75: =AVERAGE(Q75:Q76) -> 76.1
B76: ='2.1. DM'!B76 -> 66 | C76: ='2.1. DM'!C76 -> 46041 | D76: ='2.1. DM'!D76 -> Jacobo Arango/Alejandro Montoya | E76: ='2.1. DM'!E76 -> 27 | F76: ='2.1. DM'!F76 -> F250008 | G76: ='2.1. DM'!G76 -> Sample 8 | H76: ='2.1. DM'!H76 -> Cynodon | I76: ='2.1. DM'!I76 -> nlemfuensis | ... O76: ='2.1. DM'!O76 -> OT-002 | P76: B | Q76: 76.1
B77: ='2.1. DM'!B77 -> 67 | C77: ='2.1. DM'!C77 -> 46048 | D77: ='2.1. DM'!D77 -> Genbank | E77: ='2.1. DM'!E77 -> 28 | F77: ='2.1. DM'!F77 -> F251758 | G77: ='2.1. DM'!G77 -> CIAT-17459 | H77: ='2.1. DM'!H77 -> Erythrina | I77: ='2.1. DM'!I77 -> berteroana | ... O77: ='2.1. DM'!O77 -> OT-010 | P77: A | Q77: 50.646337 | R77: =AVERAGE('2.4 NDF'!Q77:Q78) -> 51.976757
B78: ='2.1. DM'!B78 -> 68 | C78: ='2.1. DM'!C78 -> 46048 | D78: ='2.1. DM'!D78 -> Genbank | E78: ='2.1. DM'!E78 -> 28 | F78: ='2.1. DM'!F78 -> F251758 | G78: ='2.1. DM'!G78 -> CIAT-17459 | H78: ='2.1. DM'!H78 -> Erythrina | I78: ='2.1. DM'!I78 -> berteroana | ... O78: ='2.1. DM'!O78 -> OT-010 | P78: B | Q78: 53.307178
B79: ='2.1. DM'!B79 -> 69 | C79: ='2.1. DM'!C79 -> 46048 | D79: ='2.1. DM'!D79 -> Genbank | E79: ='2.1. DM'!E79 -> 28 | F79: ='2.1. DM'!F79 -> F251759 | G79: ='2.1. DM'!G79 -> CIAT-17482 | H79: ='2.1. DM'!H79 -> Leucaena | I79: ='2.1. DM'!I79 -> leucocephala | ... O79: ='2.1. DM'!O79 -> OT-010 | P79: A | Q79: 49.505271 | R79: =AVERAGE('2.4 NDF'!Q79:Q80) -> 51.047282
B80: ='2.1. DM'!B80 -> 70 | C80: ='2.1. DM'!C80 -> 46048 | D80: ='2.1. DM'!D80 -> Genbank | E80: ='2.1. DM'!E80 -> 28 | F80: ='2.1. DM'!F80 -> F251759 | G80: ='2.1. DM'!G80 -> CIAT-17482 | H80: ='2.1. DM'!H80 -> Leucaena | I80: ='2.1. DM'!I80 -> leucocephala | ... O80: ='2.1. DM'!O80 -> OT-010 | P80: B | Q80: 52.589292
B81: ='2.1. DM'!B81 -> 71 | C81: ='2.1. DM'!C81 -> 46048 | D81: ='2.1. DM'!D81 -> Genbank | E81: ='2.1. DM'!E81 -> 28 | F81: ='2.1. DM'!F81 -> F251760 | G81: ='2.1. DM'!G81 -> CIAT-17502 | H81: ='2.1. DM'!H81 -> Leucaena | I81: ='2.1. DM'!I81 -> leucocephala | ... O81: ='2.1. DM'!O81 -> OT-010 | P81: A | Q81: 46.335995 | R81: =AVERAGE('2.4 NDF'!Q81:Q82) -> 46.087256
B82: ='2.1. DM'!B82 -> 72 | C82: ='2.1. DM'!C82 -> 46048 | D82: ='2.1. DM'!D82 -> Genbank | E82: ='2.1. DM'!E82 -> 28 | F82: ='2.1. DM'!F82 -> F251760 | G82: ='2.1. DM'!G82 -> CIAT-17502 | H82: ='2.1. DM'!H82 -> Leucaena | I82: ='2.1. DM'!I82 -> leucocephala | ... O82: ='2.1. DM'!O82 -> OT-010 | P82: B | Q82: 45.838517
B83: ='2.1. DM'!B83 -> 73 | C83: ='2.1. DM'!C83 -> 46048 | D83: ='2.1. DM'!D83 -> Genbank | E83: ='2.1. DM'!E83 -> 28 | F83: ='2.1. DM'!F83 -> F251761 | G83: ='2.1. DM'!G83 -> CIAT-19384 | H83: ='2.1. DM'!H83 -> Prosopis | I83: ='2.1. DM'!I83 -> juliflora | ... O83: ='2.1. DM'!O83 -> OT-010 | P83: A | Q83: 50.993383 | R83: =AVERAGE('2.4 NDF'!Q83:Q84) -> 52.455295
B84: ='2.1. DM'!B84 -> 74 | C84: ='2.1. DM'!C84 -> 46048 | D84: ='2.1. DM'!D84 -> Genbank | E84: ='2.1. DM'!E84 -> 28 | F84: ='2.1. DM'!F84 -> F251761 | G84: ='2.1. DM'!G84 -> CIAT-19384 | H84: ='2.1. DM'!H84 -> Prosopis | I84: ='2.1. DM'!I84 -> juliflora | ... O84: ='2.1. DM'!O84 -> OT-010 | P84: B | Q84: 53.917207
B85: ='2.1. DM'!B85 -> 75 | C85: ='2.1. DM'!C85 -> 46048 | D85: ='2.1. DM'!D85 -> Genbank | E85: ='2.1. DM'!E85 -> 28 | F85: ='2.1. DM'!F85 -> F251762 | G85: ='2.1. DM'!G85 -> CIAT-19571 | H85: ='2.1. DM'!H85 -> Senna | I85: ='2.1. DM'!I85 -> cobanensis | ... O85: ='2.1. DM'!O85 -> OT-010 | P85: A | Q85: 54.164221 | R85: =AVERAGE('2.4 NDF'!Q85:Q86) -> 55.704724
B86: ='2.1. DM'!B86 -> 76 | C86: ='2.1. DM'!C86 -> 46048 | D86: ='2.1. DM'!D86 -> Genbank | E86: ='2.1. DM'!E86 -> 28 | F86: ='2.1. DM'!F86 -> F251762 | G86: ='2.1. DM'!G86 -> CIAT-19571 | H86: ='2.1. DM'!H86 -> Senna | I86: ='2.1. DM'!I86 -> cobanensis | ... O86: ='2.1. DM'!O86 -> OT-010 | P86: B | Q86: 57.245227
B87: ='2.1. DM'!B87 -> 77 | C87: ='2.1. DM'!C87 -> 46048 | D87: ='2.1. DM'!D87 -> Genbank | E87: ='2.1. DM'!E87 -> 28 | F87: ='2.1. DM'!F87 -> F251763 | G87: ='2.1. DM'!G87 -> CIAT-20126 | H87: ='2.1. DM'!H87 -> Acacia | I87: ='2.1. DM'!I87 -> angustissima | ... O87: ='2.1. DM'!O87 -> OT-010 | P87: A | Q87: 56.321514 | R87: =AVERAGE('2.4 NDF'!Q87:Q88) -> 58.286878
B88: ='2.1. DM'!B88 -> 78 | C88: ='2.1. DM'!C88 -> 46048 | D88: ='2.1. DM'!D88 -> Genbank | E88: ='2.1. DM'!E88 -> 28 | F88: ='2.1. DM'!F88 -> F251763 | G88: ='2.1. DM'!G88 -> CIAT-20126 | H88: ='2.1. DM'!H88 -> Acacia | I88: ='2.1. DM'!I88 -> angustissima | ... O88: ='2.1. DM'!O88 -> OT-010 | P88: B | Q88: 60.252241
B89: ='2.1. DM'!B89 -> 79 | C89: ='2.1. DM'!C89 -> 46048 | D89: ='2.1. DM'!D89 -> Genbank | E89: ='2.1. DM'!E89 -> 28 | F89: ='2.1. DM'!F89 -> F251764 | G89: ='2.1. DM'!G89 -> CIAT-20788 | H89: ='2.1. DM'!H89 -> Senna | I89: ='2.1. DM'!I89 -> pallida | ... O89: ='2.1. DM'!O89 -> OT-010 | P89: A | Q89: 51.627725 | R89: =AVERAGE('2.4 NDF'!Q89:Q90) -> 53.359799
B90: ='2.1. DM'!B90 -> 80 | C90: ='2.1. DM'!C90 -> 46048 | D90: ='2.1. DM'!D90 -> Genbank | E90: ='2.1. DM'!E90 -> 28 | F90: ='2.1. DM'!F90 -> F251764 | G90: ='2.1. DM'!G90 -> CIAT-20788 | H90: ='2.1. DM'!H90 -> Senna | I90: ='2.1. DM'!I90 -> pallida | ... O90: ='2.1. DM'!O90 -> OT-010 | P90: B | Q90: 55.091873
B91: ='2.1. DM'!B91 -> 81 | C91: ='2.1. DM'!C91 -> 46048 | D91: ='2.1. DM'!D91 -> Genbank | E91: ='2.1. DM'!E91 -> 28 | F91: ='2.1. DM'!F91 -> F251765 | G91: ='2.1. DM'!G91 -> CIAT-21242 | H91: ='2.1. DM'!H91 -> Leucaena | I91: ='2.1. DM'!I91 -> diversifolia | ... O91: ='2.1. DM'!O91 -> OT-010 | P91: A | Q91: 62.131082 | R91: =AVERAGE('2.4 NDF'!Q91:Q92) -> 63.442287
B92: ='2.1. DM'!B92 -> 82 | C92: ='2.1. DM'!C92 -> 46048 | D92: ='2.1. DM'!D92 -> Genbank | E92: ='2.1. DM'!E92 -> 28 | F92: ='2.1. DM'!F92 -> F251765 | G92: ='2.1. DM'!G92 -> CIAT-21242 | H92: ='2.1. DM'!H92 -> Leucaena | I92: ='2.1. DM'!I92 -> diversifolia | ... O92: ='2.1. DM'!O92 -> OT-010 | P92: B | Q92: 64.753491
B93: ='2.1. DM'!B93 -> 83 | C93: ='2.1. DM'!C93 -> 46048 | D93: ='2.1. DM'!D93 -> Genbank | E93: ='2.1. DM'!E93 -> 28 | F93: ='2.1. DM'!F93 -> F251766 | G93: ='2.1. DM'!G93 -> CIAT-21512 | H93: ='2.1. DM'!H93 -> Calliandra | I93: ='2.1. DM'!I93 -> calothyrsus | ... O93: ='2.1. DM'!O93 -> OT-010 | P93: A | Q93: 53.944793 | R93: =AVERAGE('2.4 NDF'!Q93:Q94) -> 53.365986
B94: ='2.1. DM'!B94 -> 84 | C94: ='2.1. DM'!C94 -> 46048 | D94: ='2.1. DM'!D94 -> Genbank | E94: ='2.1. DM'!E94 -> 28 | F94: ='2.1. DM'!F94 -> F251766 | G94: ='2.1. DM'!G94 -> CIAT-21512 | H94: ='2.1. DM'!H94 -> Calliandra | I94: ='2.1. DM'!I94 -> calothyrsus | ... O94: ='2.1. DM'!O94 -> OT-010 | P94: B | Q94: 52.787179
B95: ='2.1. DM'!B95 -> 85 | C95: ='2.1. DM'!C95 -> 46048 | D95: ='2.1. DM'!D95 -> Genbank | E95: ='2.1. DM'!E95 -> 28 | F95: ='2.1. DM'!F95 -> F251767 | G95: ='2.1. DM'!G95 -> CIAT-21601 | H95: ='2.1. DM'!H95 -> Erythrina | I95: ='2.1. DM'!I95 -> fusca | ... O95: ='2.1. DM'!O95 -> OT-010 | P95: A | Q95: 66.494913 | R95: =AVERAGE('2.4 NDF'!Q95:Q96) -> 68.491205
B96: ='2.1. DM'!B96 -> 86 | C96: ='2.1. DM'!C96 -> 46048 | D96: ='2.1. DM'!D96 -> Genbank | E96: ='2.1. DM'!E96 -> 28 | F96: ='2.1. DM'!F96 -> F251767 | G96: ='2.1. DM'!G96 -> CIAT-21601 | H96: ='2.1. DM'!H96 -> Erythrina | I96: ='2.1. DM'!I96 -> fusca | ... O96: ='2.1. DM'!O96 -> OT-010 | P96: B | Q96: 70.487498
B97: ='2.1. DM'!B97 -> 87 | C97: ='2.1. DM'!C97 -> 46048 | D97: ='2.1. DM'!D97 -> Genbank | E97: ='2.1. DM'!E97 -> 28 | F97: ='2.1. DM'!F97 -> F251768 | G97: ='2.1. DM'!G97 -> CIAT-21809 | H97: ='2.1. DM'!H97 -> Acacia | I97: ='2.1. DM'!I97 -> farnesiana | ... O97: ='2.1. DM'!O97 -> OT-010 | P97: A | Q97: 60.947002 | R97: =AVERAGE('2.4 NDF'!Q97:Q98) -> 62.84366
B98: ='2.1. DM'!B98 -> 88 | C98: ='2.1. DM'!C98 -> 46048 | D98: ='2.1. DM'!D98 -> Genbank | E98: ='2.1. DM'!E98 -> 28 | F98: ='2.1. DM'!F98 -> F251768 | G98: ='2.1. DM'!G98 -> CIAT-21809 | H98: ='2.1. DM'!H98 -> Acacia | I98: ='2.1. DM'!I98 -> farnesiana | ... O98: ='2.1. DM'!O98 -> OT-010 | P98: B | Q98: 64.740318
B99: ='2.1. DM'!B99 -> 89 | C99: ='2.1. DM'!C99 -> 46048 | D99: ='2.1. DM'!D99 -> Genbank | E99: ='2.1. DM'!E99 -> 28 | F99: ='2.1. DM'!F99 -> F251769 | G99: ='2.1. DM'!G99 -> CIAT-21810 | H99: ='2.1. DM'!H99 -> Acacia | I99: ='2.1. DM'!I99 -> angustissima | ... O99: ='2.1. DM'!O99 -> OT-010 | P99: A | Q99: 51.000592 | R99: =AVERAGE('2.4 NDF'!Q99:Q100) -> 52.367564
B100: ='2.1. DM'!B100 -> 90 | C100: ='2.1. DM'!C100 -> 46048 | D100: ='2.1. DM'!D100 -> Genbank | E100: ='2.1. DM'!E100 -> 28 | F100: ='2.1. DM'!F100 -> F251769 | G100: ='2.1. DM'!G100 -> CIAT-21810 | H100: ='2.1. DM'!H100 -> Acacia | I100: ='2.1. DM'!I100 -> angustissima | ... O100: ='2.1. DM'!O100 -> OT-010 | P100: B | Q100: 53.734537
B101: ='2.1. DM'!B101 -> 91 | C101: ='2.1. DM'!C101 -> 46048 | D101: ='2.1. DM'!D101 -> Genbank | E101: ='2.1. DM'!E101 -> 28 | F101: ='2.1. DM'!F101 -> F251770 | G101: ='2.1. DM'!G101 -> CIAT-21888 | H101: ='2.1. DM'!H101 -> Leucaena | I101: ='2.1. DM'!I101 -> leucocephala | ... O101: ='2.1. DM'!O101 -> OT-010 | P101: A | Q101: 55.750866 | R101: =AVERAGE('2.4 NDF'!Q101:Q102) -> 56.666
B102: ='2.1. DM'!B102 -> 92 | C102: ='2.1. DM'!C102 -> 46048 | D102: ='2.1. DM'!D102 -> Genbank | E102: ='2.1. DM'!E102 -> 28 | F102: ='2.1. DM'!F102 -> F251770 | G102: ='2.1. DM'!G102 -> CIAT-21888 | H102: ='2.1. DM'!H102 -> Leucaena | I102: ='2.1. DM'!I102 -> leucocephala | ... O102: ='2.1. DM'!O102 -> OT-010 | P102: B | Q102: 57.581133
B103: ='2.1. DM'!B103 -> 93 | C103: ='2.1. DM'!C103 -> 46048 | D103: ='2.1. DM'!D103 -> Genbank | E103: ='2.1. DM'!E103 -> 28 | F103: ='2.1. DM'!F103 -> F251771 | G103: ='2.1. DM'!G103 -> CIAT-22310 | H103: ='2.1. DM'!H103 -> Calliandra | I103: ='2.1. DM'!I103 -> calothyrsus | ... O103: ='2.1. DM'!O103 -> OT-010 | P103: A | Q103: 55.498507 | R103: =AVERAGE('2.4 NDF'!Q103:Q104) -> 55.002062
B104: ='2.1. DM'!B104 -> 94 | C104: ='2.1. DM'!C104 -> 46048 | D104: ='2.1. DM'!D104 -> Genbank | E104: ='2.1. DM'!E104 -> 28 | F104: ='2.1. DM'!F104 -> F251771 | G104: ='2.1. DM'!G104 -> CIAT-22310 | H104: ='2.1. DM'!H104 -> Calliandra | I104: ='2.1. DM'!I104 -> calothyrsus | ... O104: ='2.1. DM'!O104 -> OT-010 | P104: B | Q104: 54.505618
B105: ='2.1. DM'!B105 -> 95 | C105: ='2.1. DM'!C105 -> 46048 | D105: ='2.1. DM'!D105 -> Genbank | E105: ='2.1. DM'!E105 -> 28 | F105: ='2.1. DM'!F105 -> F251772 | G105: ='2.1. DM'!G105 -> CIAT-22311 | H105: ='2.1. DM'!H105 -> Calliandra | I105: ='2.1. DM'!I105 -> calothyrsus | ... O105: ='2.1. DM'!O105 -> OT-010 | P105: A | Q105: 53.949429 | R105: =AVERAGE('2.4 NDF'!Q105:Q106) -> 54.929596
B106: ='2.1. DM'!B106 -> 96 | C106: ='2.1. DM'!C106 -> 46048 | D106: ='2.1. DM'!D106 -> Genbank | E106: ='2.1. DM'!E106 -> 28 | F106: ='2.1. DM'!F106 -> F251772 | G106: ='2.1. DM'!G106 -> CIAT-22311 | H106: ='2.1. DM'!H106 -> Calliandra | I106: ='2.1. DM'!I106 -> calothyrsus | ... O106: ='2.1. DM'!O106 -> OT-010 | P106: B | Q106: 55.909764
B107: ='2.1. DM'!B107 -> 97 | C107: ='2.1. DM'!C107 -> 46048 | D107: ='2.1. DM'!D107 -> Genbank | E107: ='2.1. DM'!E107 -> 28 | F107: ='2.1. DM'!F107 -> F251773 | G107: ='2.1. DM'!G107 -> CIAT-22316 | H107: ='2.1. DM'!H107 -> Calliandra | I107: ='2.1. DM'!I107 -> calothyrsus | ... O107: ='2.1. DM'!O107 -> OT-010 | P107: A | Q107: 55.273656 | R107: =AVERAGE('2.4 NDF'!Q107:Q108) -> 54.356536
B108: ='2.1. DM'!B108 -> 98 | C108: ='2.1. DM'!C108 -> 46048 | D108: ='2.1. DM'!D108 -> Genbank | E108: ='2.1. DM'!E108 -> 28 | F108: ='2.1. DM'!F108 -> F251773 | G108: ='2.1. DM'!G108 -> CIAT-22316 | H108: ='2.1. DM'!H108 -> Calliandra | I108: ='2.1. DM'!I108 -> calothyrsus | ... O108: ='2.1. DM'!O108 -> OT-010 | P108: B | Q108: 53.439417
...

Sheet 3.1. Gas prod Original
G3: GAS AND METHANE PRODUCTION
AG8: =EXP(-1.2*9.81*(1018/(9.81*10000))) -> 0.88500676
B10: No | C10: Date | D10: Requisitioner | E10: Gene Bank ID | F10: Genus | G10: Species | H10: Tax Name | I10: Family | J10: Order | K10: Functional Group | L10: CIAT ID | M10: Set CIAT | N10: Batch | O10: Run | P10: Replication | Q10: Syrange No | R10: Sample weight, g | S10: DM Incubated, mg | T10: Digested feed, mg | U10: Time 0h | V10: Gas 0h, ml | W10: Time 8h | X10: Gas 8h, ml | Y10: CH4 8h % | Z10: V8 Push back, ml | AA10: Time 24h | AB10: Gas 24h, ml | AC10: CH4 24h, % | AD10: Remarks | AE10: GP 8h, ml | AF10: GP 8-24h, ml | AG10: Net gas 8h, ml | AH10: Net gas 8-24h, ml | AI10: Net gas 24h, ml | AJ10: CH4 8h, ml | AK10: CH4 8-24h, ml | AL10: CH4 24h, ml | AM10: Gas ml/g DM Incubated, 24h | AN10: % DMD, Truly digestibility | AO10: Part Fact | AP10: CH4 ml in gas, h8 | AQ10: CH4 ml in gas, 24h | AR10: CH4 ml/gDM incubated, 24h | AS10: CH4 ml/g DMD, 24h2 | AT10: CH4 ml/g NDF digested in 24 h | AU10: CH4 g/g DM incubated, 24h | AV10: CH4 g/g DMD, 24h
B11: 1 | C11: 46041 | E11: BLANK 24 H | F11: BLANK | H11: BLANK 24 H | L11: BLANK24H | M11: 27 | N11: 58 | O11: 1 | P11: 1 | Q11: 181 | U11: 0.36736111 | V11: 40 | W11: 0.7 | X11: 42.5 | Z11: 40 | AA11: 0.36666667 | AB11: 43.5 | AE11: =Table3.110[[#This Row],[Gas 8h, ml]]-Table3.110[[#This Row],[Gas 0h, ml]] -> 2.5 | AF11: =Table3.110[[#This Row],[Gas 24h, ml]]-Table3.110[[#This Row],[V8 Push back, ml]] -> 3.5
B12: =B11+1 -> 2 | C12: 46041 | E12: BLANK 24 H | F12: BLANK | H12: BLANK 24 H | L12: BLANK24H | M12: 27 | N12: 58 | O12: 1 | P12: 2 | Q12: 182 | U12: 0.36805556 | V12: 39.5 | W12: 0.7 | X12: 42 | Z12: 39 | AA12: 0.36736111 | AB12: 43.5 | AE12: =Table3.110[[#This Row],[Gas 8h, ml]]-Table3.110[[#This Row],[Gas 0h, ml]] -> 2.5 | AF12: =Table3.110[[#This Row],[Gas 24h, ml]]-Table3.110[[#This Row],[V8 Push back, ml]] -> 4.5
B13: =B12+1 -> 3 | C13: 46041 | D13: Genbank | E13: CIAT-13262 | F13: Dendrolobium | G13: triangulare | H13: Dendrolobium triangulare | I13: Fabaceae | J13: Fabales | K13: Tree | L13: F251728 | M13: 27 | N13: 58 | O13: 1 | P13: 1 | Q13: 183 | R13: 0.5007 | S13: =((Table3.110[[#This Row],[Sample weight, g]]*'2.1. DM'!Q11)/100)*1000 -> 475.32594 | T13: ='3.2 Digest'!W13 -> 146.52594 | U13: 0.36805556 | V13: 40.5 | W13: 0.7 | X13: 71 | Y13: 12.3 | Z13: 40 | AA13: 0.36805556 | AB13: 64.5 | AC13: 16.9 | AE13: =Table3.110[[#This Row],[Gas 8h, ml]]-Table3.110[[#This Row],[Gas 0h, ml]] -> 30.5 | AF13: =Table3.110[[#This Row],[Gas 24h, ml]]-Table3.110[[#This Row],[V8 Push back, ml]] -> 24.5 | AG13: =Table3.110[[#This Row],[GP 8h, ml]]-(AVERAGE(AE$11,AE$12,AE$62,AE$61,AE$114,AE$115))*$AG$8 -> 27.84498 | AH13: =Table3.110[[#This Row],[GP 8-24h, ml]]-(AVERAGE(AF$11,AF$12,AF$62,AF$61,AF$114,AF$115))*$AG$8 -> 20.812472 | AI13: =Table3.110[[#This Row],[Net gas 8-24h, ml]]+Table3.110[[#This Row],[Net gas 8h, ml]] -> 48.657452 | AJ13: =Table3.110[[#This Row],[Net gas 8h, ml]]*Table3.110[[#This Row],[CH4 8h %]]% -> 3.4249325 | AK13: =Table3.110[[#This Row],[Net gas 8-24h, ml]]*Table3.110[[#This Row],[CH4 24h, %]]% -> 3.5173077 | AL13: =Table3.110[[#This Row],[CH4 8-24h, ml]]+Table3.110[[#This Row],[CH4 8h, ml]] -> 6.9422402 | AM13: =(Table3.110[[#This Row],[Net gas 24h, ml]]/Table3.110[[#This Row],[DM Incubated, mg]])*1000 -> 102.3665 | AN13: ='3.2 Digest'!X13 -> 30.826413 | AO13: =Table3.110[[#This Row],[Digested feed, mg]]/Table3.110[[#This Row],[Net gas 24h, ml]] -> 3.0113771 | AP13: =Table3.110[[#This Row],[CH4 8h, ml]]/Table3.110[[#This Row],[Net gas 8h, ml]]% -> 12.3 | AQ13: =Table3.110[[#This Row],[CH4 24h, ml]]/Table3.110[[#This Row],[Net gas 24h, ml]]% -> 14.267579 | AR13: =Table3.110[[#This Row],[CH4 24h, ml]]/Table3.110[[#This Row],[DM Incubated, mg]]*1000 -> 14.605221 | AS13: =Table3.110[[#This Row],[CH4 24h, ml]]/Table3.110[[#This Row],[Digested feed, mg]]*1000 -> 47.378918 | AT13: =Table3.110[[#This Row],[CH4 24h, ml]]/'3.2 Digest'!AA13 -> -0.47819666 | AU13: =((Table3.110[[#This Row],[CH4 24h, ml]]/28.9)*16.04)/Table3.110[[#This Row],[DM Incubated, mg]]*1000 -> 8.1061502 | AV13: =((Table3.110[[#This Row],[CH4 24h, ml]]/28.9)*16.04)/Table3.110[[#This Row],[Digested feed, mg]]*1000 -> 26.296119
B14: =B13+1 -> 4 | C14: 46041 | D14: Genbank | E14: CIAT-13262 | F14: Dendrolobium | G14: triangulare | H14: Dendrolobium triangulare | I14: Fabaceae | J14: Fabales | K14: Tree | L14: F251728 | M14: 27 | N14: 58 | O14: 1 | P14: 2 | Q14: 184 | R14: 0.5003 | S14: =((Table3.110[[#This Row],[Sample weight, g]]*'2.1. DM'!Q11)/100)*1000 -> 474.94621 | T14: ='3.2 Digest'!W14 -> 0 | U14: 0.36875 | V14: 41 | W14: 0.70069444 | X14: 71 | Y14: 13.8 | Z14: 41 | AA14: 0.36875 | AB14: 64.5 | AC14: 17.7 | AE14: =Table3.110[[#This Row],[Gas 8h, ml]]-Table3.110[[#This Row],[Gas 0h, ml]] -> 30 | AF14: =Table3.110[[#This Row],[Gas 24h, ml]]-Table3.110[[#This Row],[V8 Push back, ml]] -> 23.5
B15: =B14+1 -> 5 | C15: 46041 | D15: Genbank | E15: CIAT-13262 | F15: Dendrolobium | G15: triangulare | H15: Dendrolobium triangulare | I15: Fabaceae | J15: Fabales | K15: Tree | L15: F251728 | M15: 27 | N15: 58 | O15: 1 | P15: 3 | Q15: 185 | R15: 0.5005 | S15: =((Table3.110[[#This Row],[Sample weight, g]]*'2.1. DM'!Q11)/100)*1000 -> 475.13607 | T15: ='3.2 Digest'!W15 -> 116.03607 | U15: 0.36875 | V15: 41.5 | W15: 0.70069444 | X15: 73 | Y15: 13.7 | Z15: 40.5 | AA15: 0.36944444 | AB15: 64.5 | AC15: 17.8 | AE15: =Table3.110[[#This Row],[Gas 8h, ml]]-Table3.110[[#This Row],[Gas 0h, ml]] -> 31.5 | AF15: =Table3.110[[#This Row],[Gas 24h, ml]]-Table3.110[[#This Row],[V8 Push back, ml]] -> 24 | AG15: =Table3.110[[#This Row],[GP 8h, ml]]-(AVERAGE(AE$11,AE$12,AE$62,AE$61,AE$114,AE$115))*$AG$8 -> 28.84498 | AH15: =Table3.110[[#This Row],[GP 8-24h, ml]]-(AVERAGE(AF$11,AF$12,AF$62,AF$61,AF$114,AF$115))*$AG$8 -> 20.312472 | AI15: =Table3.110[[#This Row],[Net gas 8-24h, ml]]+Table3.110[[#This Row],[Net gas 8h, ml]] -> 49.157452 | AJ15: =Table3.110[[#This Row],[Net gas 8h, ml]]*Table3.110[[#This Row],[CH4 8h %]]% -> 3.9517622 | AK15: =Table3.110[[#This Row],[Net gas 8-24h, ml]]*Table3.110[[#This Row],[CH4 24h, %]]% -> 3.61562 | AL15: =Table3.110[[#This Row],[CH4 8-24h, ml]]+Table3.110[[#This Row],[CH4 8h, ml]] -> 7.5673822 | AM15: =(Table3.110[[#This Row],[Net gas 24h, ml]]/Table3.110[[#This Row],[DM Incubated, mg]])*1000 -> 103.45973 | AN15: ='3.2 Digest'!X15 -> 24.421651 | AO15: =Table3.110[[#This Row],[Digested feed, mg]]/Table3.110[[#This Row],[Net gas 24h, ml]] -> 2.3604981 | AP15: =Table3.110[[#This Row],[CH4 8h, ml]]/Table3.110[[#This Row],[Net gas 8h, ml]]% -> 13.7 | AQ15: =Table3.110[[#This Row],[CH4 24h, ml]]/Table3.110[[#This Row],[Net gas 24h, ml]]% -> 15.394171 | AR15: =Table3.110[[#This Row],[CH4 24h, ml]]/Table3.110[[#This Row],[DM Incubated, mg]]*1000 -> 15.926769 | AS15: =Table3.110[[#This Row],[CH4 24h, ml]]/Table3.110[[#This Row],[Digested feed, mg]]*1000 -> 65.215774 | AT15: =Table3.110[[#This Row],[CH4 24h, ml]]/'3.2 Digest'!AA15 -> -0.30124104 | AU15: =((Table3.110[[#This Row],[CH4 24h, ml]]/28.9)*16.04)/Table3.110[[#This Row],[DM Incubated, mg]]*1000 -> 8.8396321 | AV15: =((Table3.110[[#This Row],[CH4 24h, ml]]/28.9)*16.04)/Table3.110[[#This Row],[Digested feed, mg]]*1000 -> 36.195883
B16: =B15+1 -> 6 | C16: 46041 | D16: Genbank | E16: CIAT-13528 | F16: Dendrolobium | G16: lanceolatum | H16: Dendrolobium lanceolatum | I16: Fabaceae | J16: Fabales | K16: Tree | L16: F251729 | M16: 27 | N16: 58 | O16: 1 | P16: 1 | Q16: 186 | R16: 0.5 | S16: =((Table3.110[[#This Row],[Sample weight, g]]*'2.1. DM'!Q13)/100)*1000 -> 475.2287 | T16: ='3.2 Digest'!W16 -> 92.228704 | U16: 0.36875 | V16: 41 | W16: 0.70208333 | X16: 69.5 | Y16: 12.4 | Z16: 40.5 | AA16: 0.37013889 | AB16: 57.5 | AC16: 16.6 | AE16: =Table3.110[[#This Row],[Gas 8h, ml]]-Table3.110[[#This Row],[Gas 0h, ml]] -> 28.5 | AF16: =Table3.110[[#This Row],[Gas 24h, ml]]-Table3.110[[#This Row],[V8 Push back, ml]] -> 17 | AG16: =Table3.110[[#This Row],[GP 8h, ml]]-(AVERAGE(AE$11,AE$12,AE$62,AE$61,AE$114,AE$115))*$AG$8 -> 25.84498 | AH16: =Table3.110[[#This Row],[GP 8-24h, ml]]-(AVERAGE(AF$11,AF$12,AF$62,AF$61,AF$114,AF$115))*$AG$8 -> 13.312472 | AI16: =Table3.110[[#This Row],[Net gas 8-24h, ml]]+Table3.110[[#This Row],[Net gas 8h, ml]] -> 39.157452 | AJ16: =Table3.110[[#This Row],[Net gas 8h, ml]]*Table3.110[[#This Row],[CH4 8h %]]% -> 3.2047775 | AK16: =Table3.110[[#This Row],[Net gas 8-24h, ml]]*Table3.110[[#This Row],[CH4 24h, %]]% -> 2.2098703 | AL16: =Table3.110[[#This Row],[CH4 8-24h, ml]]+Table3.110[[#This Row],[CH4 8h, ml]] -> 5.4146478 | AM16: =(Table3.110[[#This Row],[Net gas 24h, ml]]/Table3.110[[#This Row],[DM Incubated, mg]])*1000 -> 82.397067 | AN16: ='3.2 Digest'!X16 -> 19.407225 | AO16: =Table3.110[[#This Row],[Digested feed, mg]]/Table3.110[[#This Row],[Net gas 24h, ml]] -> 2.3553296 | AP16: =Table3.110[[#This Row],[CH4 8h, ml]]/Table3.110[[#This Row],[Net gas 8h, ml]]% -> 12.4 | AQ16: =Table3.110[[#This Row],[CH4 24h, ml]]/Table3.110[[#This Row],[Net gas 24h, ml]]% -> 13.827886 | AR16: =Table3.110[[#This Row],[CH4 24h, ml]]/Table3.110[[#This Row],[DM Incubated, mg]]*1000 -> 11.393773 | AS16: =Table3.110[[#This Row],[CH4 24h, ml]]/Table3.110[[#This Row],[Digested feed, mg]]*1000 -> 58.708922 | AT16: =Table3.110[[#This Row],[CH4 24h, ml]]/'3.2 Digest'!AA16 -> -0.12987803 | AU16: =((Table3.110[[#This Row],[CH4 24h, ml]]/28.9)*16.04)/Table3.110[[#This Row],[DM Incubated, mg]]*1000 -> 6.3237409 | AV16: =((Table3.110[[#This Row],[CH4 24h, ml]]/28.9)*16.04)/Table3.110[[#This Row],[Digested feed, mg]]*1000 -> 32.584467
B17: =B16+1 -> 7 | C17: 46041 | D17: Genbank | E17: CIAT-13528 | F17: Dendrolobium | G17: lanceolatum | H17: Dendrolobium lanceolatum | I17: Fabaceae | J17: Fabales | K17: Tree | L17: F251729 | M17: 27 | N17: 58 | O17: 1 | P17: 2 | Q17: 187 | R17: 0.5005 | S17: =((Table3.110[[#This Row],[Sample weight, g]]*'2.1. DM'!Q13)/100)*1000 -> 475.70393 | T17: ='3.2 Digest'!W17 -> 115.20393 | U17: 0.36944444 | V17: 41 | W17: 0.70208333 | X17: 66.5 | Y17: 13.5 | Z17: 40 | AA17: 0.37083333 | AB17: 57 | AC17: 16.6 | AE17: =Table3.110[[#This Row],[Gas 8h, ml]]-Table3.110[[#This Row],[Gas 0h, ml]] -> 25.5 | AF17: =Table3.110[[#This Row],[Gas 24h, ml]]-Table3.110[[#This Row],[V8 Push back, ml]] -> 17 | AG17: =Table3.110[[#This Row],[GP 8h, ml]]-(AVERAGE(AE$11,AE$12,AE$62,AE$61,AE$114,AE$115))*$AG$8 -> 22.84498 | AH17: =Table3.110[[#This Row],[GP 8-24h, ml]]-(AVERAGE(AF$11,AF$12,AF$62,AF$61,AF$114,AF$115))*$AG$8 -> 13.312472 | AI17: =Table3.110[[#This Row],[Net gas 8-24h, ml]]+Table3.110[[#This Row],[Net gas 8h, ml]] -> 36.157452 | AJ17: =Table3.110[[#This Row],[Net gas 8h, ml]]*Table3.110[[#This Row],[CH4 8h %]]% -> 3.0840723 | AK17: =Table3.110[[#This Row],[Net gas 8-24h, ml]]*Table3.110[[#This Row],[CH4 24h, %]]% -> 2.2098703 | AL17: =Table3.110[[#This Row],[CH4 8-24h, ml]]+Table3.110[[#This Row],[CH4 8h, ml]] -> 5.2939426 | AM17: =(Table3.110[[#This Row],[Net gas 24h, ml]]/Table3.110[[#This Row],[DM Incubated, mg]])*1000 -> 76.008309 | AN17: ='3.2 Digest'!X17 -> 24.21757 | AO17: =Table3.110[[#This Row],[Digested feed, mg]]/Table3.110[[#This Row],[Net gas 24h, ml]] -> 3.186174 | AP17: =Table3.110[[#This Row],[CH4 8h, ml]]/Table3.110[[#This Row],[Net gas 8h, ml]]% -> 13.5 | AQ17: =Table3.110[[#This Row],[CH4 24h, ml]]/Table3.110[[#This Row],[Net gas 24h, ml]]% -> 14.64136 | AR17: =Table3.110[[#This Row],[CH4 24h, ml]]/Table3.110[[#This Row],[DM Incubated, mg]]*1000 -> 11.12865 | AS17: =Table3.110[[#This Row],[CH4 24h, ml]]/Table3.110[[#This Row],[Digested feed, mg]]*1000 -> 45.952794 | AT17: =Table3.110[[#This Row],[CH4 24h, ml]]/'3.2 Digest'!AA17 -> -0.1592969 | AU17: =((Table3.110[[#This Row],[CH4 24h, ml]]/28.9)*16.04)/Table3.110[[#This Row],[DM Incubated, mg]]*1000 -> 6.1765933 | AV17: =((Table3.110[[#This Row],[CH4 24h, ml]]/28.9)*16.04)/Table3.110[[#This Row],[Digested feed, mg]]*1000 -> 25.504596
B18: =B17+1 -> 8 | C18: 46041 | D18: Genbank | E18: CIAT-13528 | F18: Dendrolobium | G18: lanceolatum | H18: Dendrolobium lanceolatum | I18: Fabaceae | J18: Fabales | K18: Tree | L18: F251729 | M18: 27 | N18: 58 | O18: 1 | P18: 3 | Q18: 188 | R18: 0.5004 | S18: =((Table3.110[[#This Row],[Sample weight, g]]*'2.1. DM'!Q13)/100)*1000 -> 475.60889 | T18: ='3.2 Digest'!W18 -> 126.90889 | U18: 0.36944444 | V18: 41 | W18: 0.70277778 | X18: 67.5 | Y18: 12.9 | Z18: 40 | AA18: 0.37083333 | AB18: 58 | AC18: 16.7 | AE18: =Table3.110[[#This Row],[Gas 8h, ml]]-Table3.110[[#This Row],[Gas 0h, ml]] -> 26.5 | AF18: =Table3.110[[#This Row],[Gas 24h, ml]]-Table3.110[[#This Row],[V8 Push back, ml]] -> 18 | AG18: =Table3.110[[#This Row],[GP 8h, ml]]-(AVERAGE(AE$11,AE$12,AE$62,AE$61,AE$114,AE$115))*$AG$8 -> 23.84498 | AH18: =Table3.110[[#This Row],[GP 8-24h, ml]]-(AVERAGE(AF$11,AF$12,AF$62,AF$61,AF$114,AF$115))*$AG$8 -> 14.312472 | AI18: =Table3.110[[#This Row],[Net gas 8-24h, ml]]+Table3.110[[#This Row],[Net gas 8h, ml]] -> 38.157452 | AJ18: =Table3.110[[#This Row],[Net gas 8h, ml]]*Table3.110[[#This Row],[CH4 8h %]]% -> 3.0760024 | AK18: =Table3.110[[#This Row],[Net gas 8-24h, ml]]*Table3.110[[#This Row],[CH4 24h, %]]% -> 2.3901828 | AL18: =Table3.110[[#This Row],[CH4 8-24h, ml]]+Table3.110[[#This Row],[CH4 8h, ml]] -> 5.4661852 | AM18: =(Table3.110[[#This Row],[Net gas 24h, ml]]/Table3.110[[#This Row],[DM Incubated, mg]])*1000 -> 80.228634 | AN18: ='3.2 Digest'!X18 -> 26.683456 | AO18: =Table3.110[[#This Row],[Digested feed, mg]]/Table3.110[[#This Row],[Net gas 24h, ml]] -> 3.3259267 | AP18: =Table3.110[[#This Row],[CH4 8h, ml]]/Table3.110[[#This Row],[Net gas 8h, ml]]% -> 12.9 | AQ18: =Table3.110[[#This Row],[CH4 24h, ml]]/Table3.110[[#This Row],[Net gas 24h, ml]]% -> 14.325341 | AR18: =Table3.110[[#This Row],[CH4 24h, ml]]/Table3.110[[#This Row],[DM Incubated, mg]]*1000 -> 11.493026 | AS18: =Table3.110[[#This Row],[CH4 24h, ml]]/Table3.110[[#This Row],[Digested feed, mg]]*1000 -> 43.071729 | AT18: =Table3.110[[#This Row],[CH4 24h, ml]]/'3.2 Digest'!AA18 -> -0.18915508 | AU18: =((Table3.110[[#This Row],[CH4 24h, ml]]/28.9)*16.04)/Table3.110[[#This Row],[DM Incubated, mg]]*1000 -> 6.3788281 | AV18: =((Table3.110[[#This Row],[CH4 24h, ml]]/28.9)*16.04)/Table3.110[[#This Row],[Digested feed, mg]]*1000 -> 23.905555
